,Report Time,Time,Home Team,Away Team,Home Max,Away Max,Margin,Max Home Operator,Max Away Operator
0,2020-01-29 17:15,02:00,Indiana Pacers,Chicago Bulls,1.3,4.75,2.0242914979757165,TOPsport HW,Unibet AW
1,2020-01-29 17:15,02:30,Brooklyn Nets,Detroit Pistons,1.39,3.3,-2.2454763461957796,Cbet HW,Unibet AW
2,2020-01-29 17:15,02:30,New York Knicks,Memphis Grizzlies,2.2,1.76,-2.272727272727282,Cbet HW,TOPsport AW
3,2020-01-29 17:15,03:30,San Antonio Spurs,Utah Jazz,2.92,1.49,-1.3606693021973038,TOPsport HW,Cbet AW
4,2020-01-29 17:15,05:00,Sacramento Kings,Oklahoma City Thunder,2.42,1.67,-1.202553570544862,TOPsport HW,Betsafe AW
5,2020-01-29 17:15,05:00,Portland Trail Blazers,Houston Rockets,2.1,1.85,-1.6731016731016624,Cbet HW,TOPsport AW
0,2020-01-30 10:44,02:00,Cleveland Cavaliers,Toronto Raptors,5.27,1.2,-2.3086654016445274,TOPsport HW,Unibet AW
1,2020-01-30 10:44,02:00,Washington Wizards,Charlotte Hornets,1.6,2.51,-2.340637450199207,Cbet HW,TOPsport AW
2,2020-01-30 10:44,02:30,Atlanta Hawks,Philadelphia 76ers,3.85,1.32,-1.7316017316017285,Unibet HW,TOPsport AW
3,2020-01-30 10:44,03:00,Boston Celtics,Golden State Warriors,1.16,6.5,-1.5915119363395291,TOPsport HW,Unibet AW
4,2020-01-30 10:44,05:30,Los Angeles Clippers,Sacramento Kings,1.16,6.81,-0.89118436376526,TOPsport HW,Optibet AW
5,2020-01-30 10:44,05:30,Denver Nuggets,Utah Jazz,1.84,2.06,-2.891515407344869,TOPsport HW,TOPsport AW
0,2020-01-30 10:51,02:00,Cleveland Cavaliers,Toronto Raptors,5.27,1.2,-2.3086654016445274,TOPsport HW,Unibet AW
1,2020-01-30 10:51,02:00,Washington Wizards,Charlotte Hornets,1.6,2.51,-2.340637450199207,Cbet HW,TOPsport AW
2,2020-01-30 10:51,02:30,Atlanta Hawks,Philadelphia 76ers,3.85,1.32,-1.7316017316017285,Unibet HW,TOPsport AW
3,2020-01-30 10:51,03:00,Boston Celtics,Golden State Warriors,1.16,7.5,0.4597701149425232,TOPsport HW,Olybet AW
4,2020-01-30 10:51,05:30,Los Angeles Clippers,Sacramento Kings,1.16,7.5,0.4597701149425232,TOPsport HW,Olybet AW
5,2020-01-30 10:51,05:30,Denver Nuggets,Utah Jazz,1.84,2.06,-2.891515407344869,TOPsport HW,TOPsport AW
0,2020-01-30 14:07,02:00,Cleveland Cavaliers,Toronto Raptors,5.31,1.2,-2.1657250470809797,Optibet HW,Unibet AW
1,2020-01-30 14:07,02:00,Washington Wizards,Charlotte Hornets,1.59,2.52,-2.575621443545967,TOPsport HW,Betsafe AW
2,2020-01-30 14:07,02:30,Atlanta Hawks,Philadelphia 76ers,3.85,1.32,-1.7316017316017285,Unibet HW,TOPsport AW
3,2020-01-30 14:07,03:00,Boston Celtics,Golden State Warriors,1.16,7.68,0.7722701149425221,TOPsport HW,Optibet AW
4,2020-01-30 14:07,05:30,Los Angeles Clippers,Sacramento Kings,1.16,7.01,-0.47223178710217584,TOPsport HW,Optibet AW
5,2020-01-30 14:07,05:30,Denver Nuggets,Utah Jazz,1.84,2.06,-2.891515407344869,TOPsport HW,TOPsport AW
0,2020-01-30 14:13,02:00,Cleveland Cavaliers,Toronto Raptors,5.31,1.2,-2.1657250470809797,Optibet HW,Unibet AW
1,2020-01-30 14:13,02:00,Washington Wizards,Charlotte Hornets,1.59,2.52,-2.575621443545967,TOPsport HW,Betsafe AW
2,2020-01-30 14:13,02:30,Atlanta Hawks,Philadelphia 76ers,3.85,1.32,-1.7316017316017285,Unibet HW,TOPsport AW
3,2020-01-30 14:13,03:00,Boston Celtics,Golden State Warriors,1.16,7.68,0.7722701149425221,TOPsport HW,Optibet AW
4,2020-01-30 14:13,05:30,Los Angeles Clippers,Sacramento Kings,1.16,7.01,-0.47223178710217584,TOPsport HW,Optibet AW
5,2020-01-30 14:13,05:30,Denver Nuggets,Utah Jazz,1.84,2.06,-2.891515407344869,TOPsport HW,TOPsport AW
0,2020-01-30 14:28,02:00,Cleveland Cavaliers,Toronto Raptors,5.31,1.19,-2.866005159125795,Optibet HW,TOPsport AW
1,2020-01-30 14:28,02:00,Washington Wizards,Charlotte Hornets,1.59,2.55,-2.1087680355160954,TOPsport HW,Cbet AW
2,2020-01-30 14:28,02:30,Atlanta Hawks,Philadelphia 76ers,3.75,1.32,-2.4242424242424176,Cbet HW,TOPsport AW
3,2020-01-30 14:28,03:00,Boston Celtics,Golden State Warriors,1.16,8.0,1.2931034482758563,TOPsport HW,Unibet AW
4,2020-01-30 14:28,05:30,Los Angeles Clippers,Sacramento Kings,1.16,7.01,-0.47223178710217584,TOPsport HW,Optibet AW
5,2020-01-30 14:28,05:30,Denver Nuggets,Utah Jazz,1.84,2.06,-2.891515407344869,TOPsport HW,TOPsport AW
0,2020-01-30 14:40,02:00,Cleveland Cavaliers,Toronto Raptors,5.31,1.19,-2.866005159125795,Optibet HW,TOPsport AW
1,2020-01-30 14:40,02:00,Washington Wizards,Charlotte Hornets,1.59,2.55,-2.1087680355160954,TOPsport HW,Cbet AW
2,2020-01-30 14:40,02:30,Atlanta Hawks,Philadelphia 76ers,3.75,1.32,-2.4242424242424176,Cbet HW,TOPsport AW
3,2020-01-30 14:40,03:00,Boston Celtics,Golden State Warriors,1.16,8.0,1.2931034482758563,TOPsport HW,Unibet AW
4,2020-01-30 14:40,05:30,Los Angeles Clippers,Sacramento Kings,1.16,7.01,-0.47223178710217584,TOPsport HW,Optibet AW
5,2020-01-30 14:40,05:30,Denver Nuggets,Utah Jazz,1.84,2.07,-2.657004830917875,TOPsport HW,Olybet AW
0,2020-01-30 14:48,02:00,Cleveland Cavaliers,Toronto Raptors,5.31,1.19,-2.866005159125795,Optibet HW,TOPsport AW
1,2020-01-30 14:48,02:00,Washington Wizards,Charlotte Hornets,1.59,2.6,-1.3546202225447446,TOPsport HW,Betsafe AW
2,2020-01-30 14:48,02:30,Atlanta Hawks,Philadelphia 76ers,3.75,1.32,-2.4242424242424176,Cbet HW,TOPsport AW
3,2020-01-30 14:48,03:00,Boston Celtics,Golden State Warriors,1.16,8.0,1.2931034482758563,TOPsport HW,Unibet AW
4,2020-01-30 14:48,05:30,Los Angeles Clippers,Sacramento Kings,1.16,7.01,-0.47223178710217584,TOPsport HW,Optibet AW
5,2020-01-30 14:48,05:30,Denver Nuggets,Utah Jazz,1.84,2.06,-2.891515407344869,TOPsport HW,TOPsport AW
0,2020-01-30 14:56,02:00,Cleveland Cavaliers,Toronto Raptors,5.42,1.19,-2.4837979472231653,Optibet HW,TOPsport AW
1,2020-01-30 14:56,02:00,Washington Wizards,Charlotte Hornets,1.59,2.6,-1.3546202225447446,TOPsport HW,Cbet AW
2,2020-01-30 14:56,02:30,Atlanta Hawks,Philadelphia 76ers,3.75,1.32,-2.4242424242424176,Cbet HW,TOPsport AW
3,2020-01-30 14:56,03:00,Boston Celtics,Golden State Warriors,1.16,8.0,1.2931034482758563,TOPsport HW,Unibet AW
4,2020-01-30 14:56,05:30,Los Angeles Clippers,Sacramento Kings,1.16,7.0,-0.4926108374384286,TOPsport HW,Cbet AW
5,2020-01-30 14:56,05:30,Denver Nuggets,Utah Jazz,1.84,2.06,-2.891515407344869,TOPsport HW,TOPsport AW
0,2020-01-30 15:08,02:00,Cleveland Cavaliers,Toronto Raptors,5.42,1.19,-2.4837979472231653,Optibet HW,TOPsport AW
1,2020-01-30 15:08,02:00,Washington Wizards,Charlotte Hornets,1.59,2.6,-1.3546202225447446,TOPsport HW,Cbet AW
2,2020-01-30 15:08,02:30,Atlanta Hawks,Philadelphia 76ers,3.75,1.32,-2.4242424242424176,Cbet HW,TOPsport AW
3,2020-01-30 15:08,03:00,Boston Celtics,Golden State Warriors,1.16,8.0,1.2931034482758563,TOPsport HW,Unibet AW
4,2020-01-30 15:08,05:30,Los Angeles Clippers,Sacramento Kings,1.16,7.19,-0.11510239317059634,TOPsport HW,Optibet AW
5,2020-01-30 15:08,05:30,Denver Nuggets,Utah Jazz,1.84,2.07,-2.657004830917875,TOPsport HW,Olybet AW
0,2020-01-30 15:16,02:00,Cleveland Cavaliers,Toronto Raptors,5.42,1.19,-2.4837979472231653,Optibet HW,TOPsport AW
1,2020-01-30 15:16,02:00,Washington Wizards,Charlotte Hornets,1.59,2.6,-1.3546202225447446,TOPsport HW,Cbet AW
2,2020-01-30 15:16,02:30,Atlanta Hawks,Philadelphia 76ers,3.75,1.32,-2.4242424242424176,Cbet HW,TOPsport AW
3,2020-01-30 15:16,03:00,Boston Celtics,Golden State Warriors,1.16,8.0,1.2931034482758563,TOPsport HW,Unibet AW
4,2020-01-30 15:16,05:30,Los Angeles Clippers,Sacramento Kings,1.16,7.19,-0.11510239317059634,TOPsport HW,Optibet AW
5,2020-01-30 15:16,05:30,Denver Nuggets,Utah Jazz,1.84,2.06,-2.891515407344869,TOPsport HW,TOPsport AW
0,2020-01-30 15:24,02:00,Cleveland Cavaliers,Toronto Raptors,5.42,1.19,-2.4837979472231653,Optibet HW,TOPsport AW
1,2020-01-30 15:24,02:00,Washington Wizards,Charlotte Hornets,1.59,2.6,-1.3546202225447446,TOPsport HW,Cbet AW
2,2020-01-30 15:24,02:30,Atlanta Hawks,Philadelphia 76ers,3.75,1.32,-2.4242424242424176,Cbet HW,TOPsport AW
3,2020-01-30 15:24,03:00,Boston Celtics,Golden State Warriors,1.16,8.0,1.2931034482758563,TOPsport HW,Unibet AW
4,2020-01-30 15:24,05:30,Los Angeles Clippers,Sacramento Kings,1.16,7.19,-0.11510239317059634,TOPsport HW,Optibet AW
5,2020-01-30 15:24,05:30,Denver Nuggets,Utah Jazz,1.84,2.07,-2.657004830917875,TOPsport HW,Olybet AW
0,2020-01-30 15:32,02:00,Cleveland Cavaliers,Toronto Raptors,5.42,1.19,-2.4837979472231653,Optibet HW,TOPsport AW
1,2020-01-30 15:32,02:00,Washington Wizards,Charlotte Hornets,1.59,2.6,-1.3546202225447446,TOPsport HW,Cbet AW
2,2020-01-30 15:32,02:30,Atlanta Hawks,Philadelphia 76ers,3.75,1.32,-2.4242424242424176,Cbet HW,TOPsport AW
3,2020-01-30 15:32,03:00,Boston Celtics,Golden State Warriors,1.16,8.0,1.2931034482758563,TOPsport HW,Unibet AW
4,2020-01-30 15:32,05:30,Los Angeles Clippers,Sacramento Kings,1.16,7.35,0.1876612714051068,TOPsport HW,Optibet AW
5,2020-01-30 15:32,05:30,Denver Nuggets,Utah Jazz,1.84,2.06,-2.891515407344869,TOPsport HW,TOPsport AW
0,2020-01-30 15:40,02:00,Cleveland Cavaliers,Toronto Raptors,5.42,1.19,-2.4837979472231653,Optibet HW,TOPsport AW
1,2020-01-30 15:40,02:00,Washington Wizards,Charlotte Hornets,1.59,2.6,-1.3546202225447446,TOPsport HW,Cbet AW
2,2020-01-30 15:40,02:30,Atlanta Hawks,Philadelphia 76ers,3.68,1.34,-1.8007787151200438,TOPsport HW,Cbet AW
3,2020-01-30 15:40,03:00,Boston Celtics,Golden State Warriors,1.16,8.0,1.2931034482758563,TOPsport HW,Unibet AW
4,2020-01-30 15:40,05:30,Los Angeles Clippers,Sacramento Kings,1.16,7.19,-0.11510239317059634,TOPsport HW,Optibet AW
5,2020-01-30 15:40,05:30,Denver Nuggets,Utah Jazz,1.84,2.06,-2.891515407344869,TOPsport HW,TOPsport AW
0,2020-01-30 15:48,02:00,Cleveland Cavaliers,Toronto Raptors,5.42,1.19,-2.4837979472231653,Optibet HW,TOPsport AW
1,2020-01-30 15:48,02:00,Washington Wizards,Charlotte Hornets,1.59,2.6,-1.3546202225447446,TOPsport HW,Cbet AW
2,2020-01-30 15:48,02:30,Atlanta Hawks,Philadelphia 76ers,3.68,1.34,-1.8007787151200438,TOPsport HW,Cbet AW
3,2020-01-30 15:48,03:00,Boston Celtics,Golden State Warriors,1.16,8.0,1.2931034482758563,TOPsport HW,Unibet AW
4,2020-01-30 15:48,05:30,Los Angeles Clippers,Sacramento Kings,1.16,7.19,-0.11510239317059634,TOPsport HW,Optibet AW
5,2020-01-30 15:48,05:30,Denver Nuggets,Utah Jazz,1.84,2.06,-2.891515407344869,TOPsport HW,TOPsport AW
0,2020-01-30 16:13,02:00,Cleveland Cavaliers,Toronto Raptors,5.42,1.19,-2.4837979472231653,Optibet HW,TOPsport AW
1,2020-01-30 16:13,02:00,Washington Wizards,Charlotte Hornets,1.59,2.6,-1.3546202225447446,TOPsport HW,Cbet AW
2,2020-01-30 16:13,02:30,Atlanta Hawks,Philadelphia 76ers,3.68,1.35,-1.2479871175523294,TOPsport HW,Cbet AW
3,2020-01-30 16:13,03:00,Boston Celtics,Golden State Warriors,1.16,8.0,1.2931034482758563,TOPsport HW,Olybet AW
4,2020-01-30 16:13,05:30,Los Angeles Clippers,Sacramento Kings,1.16,7.19,-0.11510239317059634,TOPsport HW,Optibet AW
5,2020-01-30 16:13,05:30,Denver Nuggets,Utah Jazz,1.84,2.1,-1.9668737060041352,TOPsport HW,Betsafe AW
0,2020-01-30 16:14,02:00,Cleveland Cavaliers,Toronto Raptors,5.42,1.19,-2.4837979472231653,Optibet HW,TOPsport AW
1,2020-01-30 16:14,02:00,Washington Wizards,Charlotte Hornets,1.59,2.6,-1.3546202225447446,TOPsport HW,Cbet AW
2,2020-01-30 16:14,02:30,Atlanta Hawks,Philadelphia 76ers,3.68,1.35,-1.2479871175523294,TOPsport HW,Cbet AW
3,2020-01-30 16:14,03:00,Boston Celtics,Golden State Warriors,1.16,8.0,1.2931034482758563,TOPsport HW,Unibet AW
4,2020-01-30 16:14,05:30,Los Angeles Clippers,Sacramento Kings,1.16,7.19,-0.11510239317059634,TOPsport HW,Optibet AW
5,2020-01-30 16:14,05:30,Denver Nuggets,Utah Jazz,1.84,2.1,-1.9668737060041352,TOPsport HW,Betsafe AW
0,2020-01-30 16:16,02:00,Cleveland Cavaliers,Toronto Raptors,5.42,1.19,-2.4837979472231653,Optibet HW,TOPsport AW
1,2020-01-30 16:16,02:00,Washington Wizards,Charlotte Hornets,1.59,2.6,-1.3546202225447446,TOPsport HW,Cbet AW
2,2020-01-30 16:16,02:30,Atlanta Hawks,Philadelphia 76ers,3.68,1.35,-1.2479871175523294,TOPsport HW,Cbet AW
3,2020-01-30 16:16,03:00,Boston Celtics,Golden State Warriors,1.16,8.0,1.2931034482758563,TOPsport HW,Olybet AW
4,2020-01-30 16:16,05:30,Los Angeles Clippers,Sacramento Kings,1.16,8.5,2.028397565922915,TOPsport HW,Olybet AW
5,2020-01-30 16:16,05:30,Denver Nuggets,Utah Jazz,1.84,2.1,-1.9668737060041352,TOPsport HW,Cbet AW
0,2020-01-30 16:24,02:00,Cleveland Cavaliers,Toronto Raptors,5.42,1.19,-2.4837979472231653,Optibet HW,TOPsport AW
1,2020-01-30 16:24,02:00,Washington Wizards,Charlotte Hornets,1.59,2.6,-1.3546202225447446,TOPsport HW,Cbet AW
2,2020-01-30 16:24,02:30,Atlanta Hawks,Philadelphia 76ers,3.68,1.35,-1.2479871175523294,TOPsport HW,Cbet AW
3,2020-01-30 16:24,03:00,Boston Celtics,Golden State Warriors,1.16,8.0,1.2931034482758563,TOPsport HW,Unibet AW
4,2020-01-30 16:24,05:30,Los Angeles Clippers,Sacramento Kings,1.16,9.5,3.2667876588021727,TOPsport HW,Unibet AW
5,2020-01-30 16:24,05:30,Denver Nuggets,Utah Jazz,1.84,2.1,-1.9668737060041352,TOPsport HW,Cbet AW
0,2020-01-30 16:32,02:00,Cleveland Cavaliers,Toronto Raptors,5.42,1.19,-2.4837979472231653,Optibet HW,TOPsport AW
1,2020-01-30 16:32,02:00,Washington Wizards,Charlotte Hornets,1.59,2.6,-1.3546202225447446,TOPsport HW,Cbet AW
2,2020-01-30 16:32,02:30,Atlanta Hawks,Philadelphia 76ers,3.68,1.35,-1.2479871175523294,TOPsport HW,Cbet AW
3,2020-01-30 16:32,03:00,Boston Celtics,Golden State Warriors,1.16,8.0,1.2931034482758563,TOPsport HW,Unibet AW
4,2020-01-30 16:32,05:30,Los Angeles Clippers,Sacramento Kings,1.16,9.5,3.2667876588021727,TOPsport HW,Unibet AW
5,2020-01-30 16:32,05:30,Denver Nuggets,Utah Jazz,1.84,2.1,-1.9668737060041352,TOPsport HW,Cbet AW
0,2020-01-30 16:48,02:00,Cleveland Cavaliers,Toronto Raptors,5.42,1.19,-2.4837979472231653,Optibet HW,TOPsport AW
1,2020-01-30 16:48,02:00,Washington Wizards,Charlotte Hornets,1.59,2.55,-2.1087680355160954,TOPsport HW,Cbet AW
2,2020-01-30 16:48,02:30,Atlanta Hawks,Philadelphia 76ers,3.55,1.35,-2.243088158581119,Unibet HW,TOPsport AW
3,2020-01-30 16:48,03:00,Boston Celtics,Golden State Warriors,1.16,8.0,1.2931034482758563,TOPsport HW,Unibet AW
4,2020-01-30 16:48,05:30,Los Angeles Clippers,Sacramento Kings,1.16,9.5,3.2667876588021727,TOPsport HW,Unibet AW
5,2020-01-30 16:48,05:30,Denver Nuggets,Utah Jazz,1.84,2.1,-1.9668737060041352,TOPsport HW,Cbet AW
0,2020-01-30 16:56,02:00,Cleveland Cavaliers,Toronto Raptors,5.46,1.19,-2.348631760396469,Optibet HW,TOPsport AW
1,2020-01-30 16:56,02:00,Washington Wizards,Charlotte Hornets,1.59,2.55,-2.1087680355160954,TOPsport HW,Cbet AW
2,2020-01-30 16:56,02:30,Atlanta Hawks,Philadelphia 76ers,3.55,1.35,-2.243088158581119,Unibet HW,TOPsport AW
3,2020-01-30 16:56,03:00,Boston Celtics,Golden State Warriors,1.16,8.0,1.2931034482758563,TOPsport HW,Unibet AW
4,2020-01-30 16:56,05:30,Los Angeles Clippers,Sacramento Kings,1.16,9.5,3.2667876588021727,TOPsport HW,Unibet AW
5,2020-01-30 16:56,05:30,Denver Nuggets,Utah Jazz,1.84,2.1,-1.9668737060041352,TOPsport HW,Cbet AW
0,2020-01-30 17:40,02:00,Cleveland Cavaliers,Toronto Raptors,5.42,1.19,-2.4837979472231653,Optibet HW,TOPsport AW
1,2020-01-30 17:40,02:00,Washington Wizards,Charlotte Hornets,1.59,2.52,-2.575621443545967,TOPsport HW,Betsafe AW
2,2020-01-30 17:40,02:30,Atlanta Hawks,Philadelphia 76ers,3.45,1.35,-3.059581320450877,Cbet HW,TOPsport AW
3,2020-01-30 17:40,03:00,Boston Celtics,Golden State Warriors,1.12,7.81,-2.0898115968538438,TOPsport HW,Optibet AW
4,2020-01-30 17:40,05:30,Los Angeles Clippers,Sacramento Kings,1.16,8.83,2.468075135705075,TOPsport HW,Optibet AW
5,2020-01-30 17:40,05:30,Denver Nuggets,Utah Jazz,1.85,2.06,-2.597743374442396,Cbet HW,TOPsport AW
0,2020-01-30 17:48,02:00,Cleveland Cavaliers,Toronto Raptors,5.42,1.19,-2.4837979472231653,Optibet HW,TOPsport AW
1,2020-01-30 17:48,02:00,Washington Wizards,Charlotte Hornets,1.59,2.52,-2.575621443545967,TOPsport HW,Betsafe AW
2,2020-01-30 17:48,02:30,Atlanta Hawks,Philadelphia 76ers,3.45,1.35,-3.059581320450877,Cbet HW,TOPsport AW
3,2020-01-30 17:48,03:00,Boston Celtics,Golden State Warriors,1.12,7.81,-2.0898115968538438,TOPsport HW,Optibet AW
4,2020-01-30 17:48,05:30,Los Angeles Clippers,Sacramento Kings,1.1,8.83,-2.2341192216616874,TOPsport HW,Optibet AW
5,2020-01-30 17:48,05:30,Denver Nuggets,Utah Jazz,1.87,2.06,-2.019625149265347,Cbet HW,TOPsport AW
0,2020-01-30 17:56,02:00,Cleveland Cavaliers,Toronto Raptors,5.42,1.19,-2.4837979472231653,Optibet HW,TOPsport AW
1,2020-01-30 17:56,02:00,Washington Wizards,Charlotte Hornets,1.6,2.51,-2.340637450199207,Cbet HW,TOPsport AW
2,2020-01-30 17:56,02:30,Atlanta Hawks,Philadelphia 76ers,3.45,1.35,-3.059581320450877,Cbet HW,TOPsport AW
3,2020-01-30 17:56,03:00,Boston Celtics,Golden State Warriors,1.12,7.81,-2.0898115968538438,TOPsport HW,Optibet AW
4,2020-01-30 17:56,05:30,Los Angeles Clippers,Sacramento Kings,1.1,8.83,-2.2341192216616874,TOPsport HW,Optibet AW
5,2020-01-30 17:56,05:30,Denver Nuggets,Utah Jazz,1.87,2.06,-2.019625149265347,Cbet HW,TOPsport AW
0,2020-01-30 18:00,02:00,Cleveland Cavaliers,Toronto Raptors,5.42,1.19,-2.4837979472231653,Optibet HW,TOPsport AW
1,2020-01-30 18:00,02:00,Washington Wizards,Charlotte Hornets,1.6,2.51,-2.340637450199207,Cbet HW,TOPsport AW
2,2020-01-30 18:00,02:30,Atlanta Hawks,Philadelphia 76ers,3.45,1.35,-3.059581320450877,Cbet HW,TOPsport AW
3,2020-01-30 18:00,03:00,Boston Celtics,Golden State Warriors,1.12,7.81,-2.0898115968538438,TOPsport HW,Optibet AW
4,2020-01-30 18:00,05:30,Los Angeles Clippers,Sacramento Kings,1.1,8.83,-2.2341192216616874,TOPsport HW,Optibet AW
5,2020-01-30 18:00,05:30,Denver Nuggets,Utah Jazz,1.87,2.06,-2.019625149265347,Cbet HW,TOPsport AW
0,2020-01-30 18:08,02:00,Cleveland Cavaliers,Toronto Raptors,5.42,1.19,-2.4837979472231653,Optibet HW,TOPsport AW
1,2020-01-30 18:08,02:00,Washington Wizards,Charlotte Hornets,1.6,2.51,-2.340637450199207,Cbet HW,TOPsport AW
2,2020-01-30 18:08,02:30,Atlanta Hawks,Philadelphia 76ers,3.35,1.35,-3.9248203427307837,TOPsport HW,TOPsport AW
3,2020-01-30 18:08,03:00,Boston Celtics,Golden State Warriors,1.12,7.81,-2.0898115968538438,TOPsport HW,Optibet AW
4,2020-01-30 18:08,05:30,Los Angeles Clippers,Sacramento Kings,1.1,8.83,-2.2341192216616874,TOPsport HW,Optibet AW
5,2020-01-30 18:08,05:30,Denver Nuggets,Utah Jazz,1.87,2.06,-2.019625149265347,Cbet HW,TOPsport AW
0,2020-01-30 18:16,02:00,Cleveland Cavaliers,Toronto Raptors,5.42,1.19,-2.4837979472231653,Optibet HW,TOPsport AW
1,2020-01-30 18:16,02:00,Washington Wizards,Charlotte Hornets,1.6,2.51,-2.340637450199207,Cbet HW,TOPsport AW
2,2020-01-30 18:16,02:30,Atlanta Hawks,Philadelphia 76ers,3.35,1.37,-2.8434469985837207,TOPsport HW,Cbet AW
3,2020-01-30 18:16,03:00,Boston Celtics,Golden State Warriors,1.12,7.87,-1.9921945906698073,TOPsport HW,Optibet AW
4,2020-01-30 18:16,05:30,Los Angeles Clippers,Sacramento Kings,1.1,8.83,-2.2341192216616874,TOPsport HW,Optibet AW
5,2020-01-30 18:16,05:30,Denver Nuggets,Utah Jazz,1.87,2.06,-2.019625149265347,Cbet HW,TOPsport AW
0,2020-01-30 18:24,02:00,Cleveland Cavaliers,Toronto Raptors,5.42,1.19,-2.4837979472231653,Optibet HW,TOPsport AW
1,2020-01-30 18:24,02:00,Washington Wizards,Charlotte Hornets,1.6,2.51,-2.340637450199207,Cbet HW,TOPsport AW
2,2020-01-30 18:24,02:30,Atlanta Hawks,Philadelphia 76ers,3.35,1.37,-2.8434469985837207,TOPsport HW,Cbet AW
3,2020-01-30 18:24,03:00,Boston Celtics,Golden State Warriors,1.12,7.82,-2.0734380708805205,TOPsport HW,Optibet AW
4,2020-01-30 18:24,05:30,Los Angeles Clippers,Sacramento Kings,1.1,8.83,-2.2341192216616874,TOPsport HW,Optibet AW
5,2020-01-30 18:24,05:30,Denver Nuggets,Utah Jazz,1.87,2.06,-2.019625149265347,Cbet HW,TOPsport AW
0,2020-01-30 20:08,02:00,Cleveland Cavaliers,Toronto Raptors,5.42,1.19,-2.4837979472231653,Optibet HW,TOPsport AW
1,2020-01-30 20:08,02:00,Washington Wizards,Charlotte Hornets,1.59,2.55,-2.1087680355160954,TOPsport HW,Cbet AW
2,2020-01-30 20:08,02:30,Atlanta Hawks,Philadelphia 76ers,3.4,1.36,-2.941176470588236,Cbet HW,Cbet AW
3,2020-01-30 20:08,03:00,Boston Celtics,Golden State Warriors,1.12,8.55,-0.9816207184628167,TOPsport HW,Cbet AW
4,2020-01-30 20:08,05:30,Los Angeles Clippers,Sacramento Kings,1.1,8.67,-2.443116283946731,TOPsport HW,Optibet AW
5,2020-01-30 20:08,05:30,Denver Nuggets,Utah Jazz,1.92,2.06,-0.6270226537216872,Betsafe HW,TOPsport AW
0,2020-01-30 20:16,02:00,Cleveland Cavaliers,Toronto Raptors,5.42,1.19,-2.4837979472231653,Optibet HW,TOPsport AW
1,2020-01-30 20:16,02:00,Washington Wizards,Charlotte Hornets,1.59,2.55,-2.1087680355160954,TOPsport HW,Cbet AW
2,2020-01-30 20:16,02:30,Atlanta Hawks,Philadelphia 76ers,3.4,1.36,-2.941176470588236,Cbet HW,Cbet AW
3,2020-01-30 20:16,03:00,Boston Celtics,Golden State Warriors,1.12,8.98,-0.4215717467387775,TOPsport HW,Optibet AW
4,2020-01-30 20:16,05:30,Los Angeles Clippers,Sacramento Kings,1.1,8.67,-2.443116283946731,TOPsport HW,Optibet AW
5,2020-01-30 20:16,05:30,Denver Nuggets,Utah Jazz,1.93,2.06,-0.3571608229790302,Betsafe HW,TOPsport AW
0,2020-01-30 20:24,02:00,Cleveland Cavaliers,Toronto Raptors,5.42,1.19,-2.4837979472231653,Optibet HW,TOPsport AW
1,2020-01-30 20:24,02:00,Washington Wizards,Charlotte Hornets,1.59,2.55,-2.1087680355160954,TOPsport HW,Cbet AW
2,2020-01-30 20:24,02:30,Atlanta Hawks,Philadelphia 76ers,3.4,1.36,-2.941176470588236,Cbet HW,Cbet AW
3,2020-01-30 20:24,03:00,Boston Celtics,Golden State Warriors,1.12,8.97,-0.4339863035515132,TOPsport HW,Optibet AW
4,2020-01-30 20:24,05:30,Los Angeles Clippers,Sacramento Kings,1.1,8.67,-2.443116283946731,TOPsport HW,Optibet AW
5,2020-01-30 20:24,05:30,Denver Nuggets,Utah Jazz,1.9,2.06,-1.1752682677567683,Cbet HW,TOPsport AW
0,2020-01-30 20:32,02:00,Cleveland Cavaliers,Toronto Raptors,5.42,1.19,-2.4837979472231653,Optibet HW,TOPsport AW
1,2020-01-30 20:32,02:00,Washington Wizards,Charlotte Hornets,1.59,2.55,-2.1087680355160954,TOPsport HW,Cbet AW
2,2020-01-30 20:32,02:30,Atlanta Hawks,Philadelphia 76ers,3.4,1.36,-2.941176470588236,Cbet HW,Cbet AW
3,2020-01-30 20:32,03:00,Boston Celtics,Golden State Warriors,1.12,8.8,-0.6493506493506427,TOPsport HW,Optibet AW
4,2020-01-30 20:32,05:30,Los Angeles Clippers,Sacramento Kings,1.1,8.67,-2.443116283946731,TOPsport HW,Optibet AW
5,2020-01-30 20:32,05:30,Denver Nuggets,Utah Jazz,1.9,2.06,-1.1752682677567683,Betsafe HW,TOPsport AW
0,2020-01-30 20:48,02:00,Cleveland Cavaliers,Toronto Raptors,5.4,1.19,-2.5521319638966644,Unibet HW,TOPsport AW
1,2020-01-30 20:48,02:00,Washington Wizards,Charlotte Hornets,1.59,2.55,-2.1087680355160954,TOPsport HW,Cbet AW
2,2020-01-30 20:48,02:30,Atlanta Hawks,Philadelphia 76ers,3.4,1.36,-2.941176470588236,Cbet HW,Cbet AW
3,2020-01-30 20:48,03:00,Boston Celtics,Golden State Warriors,1.12,8.76,-0.7012393998695312,TOPsport HW,Optibet AW
4,2020-01-30 20:48,05:30,Los Angeles Clippers,Sacramento Kings,1.1,8.67,-2.443116283946731,TOPsport HW,Optibet AW
5,2020-01-30 20:48,05:30,Denver Nuggets,Utah Jazz,1.9,2.06,-1.1752682677567683,Cbet HW,TOPsport AW
0,2020-01-30 20:56,02:00,Cleveland Cavaliers,Toronto Raptors,5.4,1.19,-2.5521319638966644,Unibet HW,TOPsport AW
1,2020-01-30 20:56,02:00,Washington Wizards,Charlotte Hornets,1.59,2.55,-2.1087680355160954,TOPsport HW,Cbet AW
2,2020-01-30 20:56,02:30,Atlanta Hawks,Philadelphia 76ers,3.4,1.36,-2.941176470588236,Cbet HW,Cbet AW
3,2020-01-30 20:56,03:00,Boston Celtics,Golden State Warriors,1.12,8.76,-0.7012393998695312,TOPsport HW,Optibet AW
4,2020-01-30 20:56,05:30,Los Angeles Clippers,Sacramento Kings,1.1,8.67,-2.443116283946731,TOPsport HW,Optibet AW
5,2020-01-30 20:56,05:30,Denver Nuggets,Utah Jazz,1.9,2.06,-1.1752682677567683,Betsafe HW,TOPsport AW
0,2020-01-30 21:00,02:00,Cleveland Cavaliers,Toronto Raptors,5.4,1.19,-2.5521319638966644,Unibet HW,TOPsport AW
1,2020-01-30 21:00,02:00,Washington Wizards,Charlotte Hornets,1.59,2.55,-2.1087680355160954,TOPsport HW,Cbet AW
2,2020-01-30 21:00,02:30,Atlanta Hawks,Philadelphia 76ers,3.4,1.36,-2.941176470588236,Cbet HW,Cbet AW
3,2020-01-30 21:00,03:00,Boston Celtics,Golden State Warriors,1.12,8.76,-0.7012393998695312,TOPsport HW,Optibet AW
4,2020-01-30 21:00,05:30,Los Angeles Clippers,Sacramento Kings,1.1,8.67,-2.443116283946731,TOPsport HW,Optibet AW
5,2020-01-30 21:00,05:30,Denver Nuggets,Utah Jazz,1.9,2.06,-1.1752682677567683,Betsafe HW,TOPsport AW
0,2020-01-30 21:08,02:00,Cleveland Cavaliers,Toronto Raptors,5.4,1.19,-2.5521319638966644,Unibet HW,TOPsport AW
1,2020-01-30 21:08,02:00,Washington Wizards,Charlotte Hornets,1.59,2.55,-2.1087680355160954,TOPsport HW,Cbet AW
2,2020-01-30 21:08,02:30,Atlanta Hawks,Philadelphia 76ers,3.4,1.36,-2.941176470588236,Cbet HW,Cbet AW
3,2020-01-30 21:08,03:00,Boston Celtics,Golden State Warriors,1.12,8.76,-0.7012393998695312,TOPsport HW,Optibet AW
4,2020-01-30 21:08,05:30,Los Angeles Clippers,Sacramento Kings,1.1,8.67,-2.443116283946731,TOPsport HW,Optibet AW
5,2020-01-30 21:08,05:30,Denver Nuggets,Utah Jazz,1.9,2.06,-1.1752682677567683,Cbet HW,TOPsport AW
0,2020-01-30 21:16,02:00,Cleveland Cavaliers,Toronto Raptors,5.4,1.19,-2.5521319638966644,Unibet HW,TOPsport AW
1,2020-01-30 21:16,02:00,Washington Wizards,Charlotte Hornets,1.59,2.55,-2.1087680355160954,TOPsport HW,Cbet AW
2,2020-01-30 21:16,02:30,Atlanta Hawks,Philadelphia 76ers,3.4,1.36,-2.941176470588236,Cbet HW,Cbet AW
3,2020-01-30 21:16,03:00,Boston Celtics,Golden State Warriors,1.12,8.76,-0.7012393998695312,TOPsport HW,Optibet AW
4,2020-01-30 21:16,05:30,Los Angeles Clippers,Sacramento Kings,1.1,8.67,-2.443116283946731,TOPsport HW,Optibet AW
5,2020-01-30 21:16,05:30,Denver Nuggets,Utah Jazz,1.9,2.06,-1.1752682677567683,Cbet HW,TOPsport AW
0,2020-01-30 21:24,02:00,Cleveland Cavaliers,Toronto Raptors,5.4,1.19,-2.5521319638966644,Unibet HW,TOPsport AW
1,2020-01-30 21:24,02:00,Washington Wizards,Charlotte Hornets,1.59,2.55,-2.1087680355160954,TOPsport HW,Cbet AW
2,2020-01-30 21:24,02:30,Atlanta Hawks,Philadelphia 76ers,3.4,1.36,-2.941176470588236,Cbet HW,Cbet AW
3,2020-01-30 21:24,03:00,Boston Celtics,Golden State Warriors,1.11,8.76,-1.5056152042453321,TOPsport HW,Optibet AW
4,2020-01-30 21:24,05:30,Los Angeles Clippers,Sacramento Kings,1.1,8.67,-2.443116283946731,TOPsport HW,Optibet AW
5,2020-01-30 21:24,05:30,Denver Nuggets,Utah Jazz,1.9,2.06,-1.1752682677567683,Cbet HW,TOPsport AW
0,2020-01-30 21:32,02:00,Cleveland Cavaliers,Toronto Raptors,5.4,1.19,-2.5521319638966644,Unibet HW,TOPsport AW
1,2020-01-30 21:32,02:00,Washington Wizards,Charlotte Hornets,1.59,2.55,-2.1087680355160954,TOPsport HW,Cbet AW
2,2020-01-30 21:32,02:30,Atlanta Hawks,Philadelphia 76ers,3.4,1.36,-2.941176470588236,Cbet HW,TOPsport AW
3,2020-01-30 21:32,03:00,Boston Celtics,Golden State Warriors,1.11,8.76,-1.5056152042453321,TOPsport HW,Optibet AW
4,2020-01-30 21:32,05:30,Los Angeles Clippers,Sacramento Kings,1.1,8.67,-2.443116283946731,TOPsport HW,Optibet AW
5,2020-01-30 21:32,05:30,Denver Nuggets,Utah Jazz,1.9,2.06,-1.1752682677567683,Cbet HW,TOPsport AW
0,2020-01-30 22:08,02:00,Cleveland Cavaliers,Toronto Raptors,5.4,1.2,-1.851851851851849,Unibet HW,Cbet AW
1,2020-01-30 22:08,02:00,Washington Wizards,Charlotte Hornets,1.59,2.55,-2.1087680355160954,TOPsport HW,Cbet AW
2,2020-01-30 22:08,02:30,Atlanta Hawks,Philadelphia 76ers,3.4,1.36,-2.941176470588236,Cbet HW,TOPsport AW
3,2020-01-30 22:08,03:00,Boston Celtics,Golden State Warriors,1.11,8.81,-1.4408278880469472,TOPsport HW,Optibet AW
4,2020-01-30 22:08,05:30,Los Angeles Clippers,Sacramento Kings,1.1,8.73,-2.3638446318858657,TOPsport HW,Optibet AW
5,2020-01-30 22:08,05:30,Denver Nuggets,Utah Jazz,1.9,2.06,-1.1752682677567683,Cbet HW,TOPsport AW
0,2020-01-30 22:16,02:00,Cleveland Cavaliers,Toronto Raptors,5.4,1.2,-1.851851851851849,Unibet HW,Cbet AW
1,2020-01-30 22:16,02:00,Washington Wizards,Charlotte Hornets,1.59,2.55,-2.1087680355160954,TOPsport HW,Cbet AW
2,2020-01-30 22:16,02:30,Atlanta Hawks,Philadelphia 76ers,3.4,1.36,-2.941176470588236,Cbet HW,TOPsport AW
3,2020-01-30 22:16,03:00,Boston Celtics,Golden State Warriors,1.11,8.81,-1.4408278880469472,TOPsport HW,Optibet AW
4,2020-01-30 22:16,05:30,Los Angeles Clippers,Sacramento Kings,1.1,8.73,-2.3638446318858657,TOPsport HW,Optibet AW
5,2020-01-30 22:16,05:30,Denver Nuggets,Utah Jazz,1.9,2.06,-1.1752682677567683,Cbet HW,TOPsport AW
0,2020-01-30 22:31,02:00,Cleveland Cavaliers,Toronto Raptors,5.4,1.2,-1.851851851851849,Unibet HW,Cbet AW
1,2020-01-30 22:31,02:00,Washington Wizards,Charlotte Hornets,1.59,2.55,-2.1087680355160954,TOPsport HW,Cbet AW
2,2020-01-30 22:31,02:30,Atlanta Hawks,Philadelphia 76ers,3.4,1.36,-2.941176470588236,Cbet HW,TOPsport AW
3,2020-01-30 22:31,03:00,Boston Celtics,Golden State Warriors,1.11,8.81,-1.4408278880469472,TOPsport HW,Optibet AW
4,2020-01-30 22:31,05:30,Los Angeles Clippers,Sacramento Kings,1.1,8.73,-2.3638446318858657,TOPsport HW,Optibet AW
5,2020-01-30 22:31,05:30,Denver Nuggets,Utah Jazz,1.9,2.06,-1.1752682677567683,Cbet HW,TOPsport AW
0,2020-01-30 22:32,02:00,Cleveland Cavaliers,Toronto Raptors,5.4,1.2,-1.851851851851849,Unibet HW,Cbet AW
1,2020-01-30 22:32,02:00,Washington Wizards,Charlotte Hornets,1.59,2.55,-2.1087680355160954,TOPsport HW,Cbet AW
2,2020-01-30 22:32,02:30,Atlanta Hawks,Philadelphia 76ers,3.4,1.36,-2.941176470588236,Cbet HW,TOPsport AW
3,2020-01-30 22:32,03:00,Boston Celtics,Golden State Warriors,1.11,8.81,-1.4408278880469472,TOPsport HW,Optibet AW
4,2020-01-30 22:32,05:30,Los Angeles Clippers,Sacramento Kings,1.1,8.73,-2.3638446318858657,TOPsport HW,Optibet AW
5,2020-01-30 22:32,05:30,Denver Nuggets,Utah Jazz,1.9,2.06,-1.1752682677567683,Cbet HW,TOPsport AW
0,2020-01-30 22:40,02:00,Cleveland Cavaliers,Toronto Raptors,5.4,1.22,-0.4857316332726125,Unibet HW,TOPsport AW
1,2020-01-30 22:40,02:00,Washington Wizards,Charlotte Hornets,1.59,2.55,-2.1087680355160954,TOPsport HW,Cbet AW
2,2020-01-30 22:40,02:30,Atlanta Hawks,Philadelphia 76ers,3.38,1.36,-3.1152105812739195,TOPsport HW,TOPsport AW
3,2020-01-30 22:40,03:00,Boston Celtics,Golden State Warriors,1.11,9.06,-1.1276176839090644,TOPsport HW,Optibet AW
4,2020-01-30 22:40,05:30,Los Angeles Clippers,Sacramento Kings,1.1,8.85,-2.2085259373394934,TOPsport HW,Optibet AW
5,2020-01-30 22:40,05:30,Denver Nuggets,Utah Jazz,1.9,2.06,-1.1752682677567683,Cbet HW,TOPsport AW
0,2020-01-30 23:00,02:00,Cleveland Cavaliers,Toronto Raptors,5.4,1.22,-0.4857316332726125,Unibet HW,TOPsport AW
1,2020-01-30 23:00,02:00,Washington Wizards,Charlotte Hornets,1.59,2.55,-2.1087680355160954,TOPsport HW,Cbet AW
2,2020-01-30 23:00,02:30,Atlanta Hawks,Philadelphia 76ers,3.38,1.36,-3.1152105812739195,TOPsport HW,TOPsport AW
3,2020-01-30 23:00,03:00,Boston Celtics,Golden State Warriors,1.11,9.13,-1.0429926092576591,TOPsport HW,Optibet AW
4,2020-01-30 23:00,05:30,Los Angeles Clippers,Sacramento Kings,1.1,8.94,-2.094773235712831,TOPsport HW,Optibet AW
5,2020-01-30 23:00,05:30,Denver Nuggets,Utah Jazz,1.9,2.06,-1.1752682677567683,Cbet HW,TOPsport AW
0,2020-01-30 23:16,02:00,Cleveland Cavaliers,Toronto Raptors,5.4,1.22,-0.4857316332726125,Unibet HW,TOPsport AW
1,2020-01-30 23:16,02:00,Washington Wizards,Charlotte Hornets,1.6,2.51,-2.340637450199207,Cbet HW,TOPsport AW
2,2020-01-30 23:16,02:30,Atlanta Hawks,Philadelphia 76ers,3.38,1.36,-3.1152105812739195,TOPsport HW,TOPsport AW
3,2020-01-30 23:16,03:00,Boston Celtics,Golden State Warriors,1.11,9.03,-1.1642872107988298,TOPsport HW,Optibet AW
4,2020-01-30 23:16,05:30,Los Angeles Clippers,Sacramento Kings,1.1,8.94,-2.094773235712831,TOPsport HW,Optibet AW
5,2020-01-30 23:16,05:30,Denver Nuggets,Utah Jazz,1.9,2.06,-1.1752682677567683,Cbet HW,TOPsport AW
0,2020-01-30 23:24,02:00,Cleveland Cavaliers,Toronto Raptors,5.4,1.22,-0.4857316332726125,Unibet HW,TOPsport AW
1,2020-01-30 23:24,02:00,Washington Wizards,Charlotte Hornets,1.6,2.51,-2.340637450199207,Cbet HW,TOPsport AW
2,2020-01-30 23:24,02:30,Atlanta Hawks,Philadelphia 76ers,3.38,1.36,-3.1152105812739195,TOPsport HW,TOPsport AW
3,2020-01-30 23:24,03:00,Boston Celtics,Golden State Warriors,1.11,9.11,-1.0670384984325612,TOPsport HW,Optibet AW
4,2020-01-30 23:24,05:30,Los Angeles Clippers,Sacramento Kings,1.1,9.15,-1.8380526577247855,TOPsport HW,Optibet AW
5,2020-01-30 23:24,05:30,Denver Nuggets,Utah Jazz,1.9,2.06,-1.1752682677567683,Cbet HW,TOPsport AW
0,2020-01-30 23:32,02:00,Cleveland Cavaliers,Toronto Raptors,5.4,1.22,-0.4857316332726125,Unibet HW,TOPsport AW
1,2020-01-30 23:32,02:00,Washington Wizards,Charlotte Hornets,1.6,2.51,-2.340637450199207,Cbet HW,TOPsport AW
2,2020-01-30 23:32,02:30,Atlanta Hawks,Philadelphia 76ers,3.38,1.36,-3.1152105812739195,TOPsport HW,TOPsport AW
3,2020-01-30 23:32,03:00,Boston Celtics,Golden State Warriors,1.11,8.94,-1.2757724167120053,TOPsport HW,Optibet AW
4,2020-01-30 23:32,05:30,Los Angeles Clippers,Sacramento Kings,1.1,9.19,-1.7904837273716459,TOPsport HW,Optibet AW
5,2020-01-30 23:32,05:30,Denver Nuggets,Utah Jazz,1.9,2.06,-1.1752682677567683,Cbet HW,TOPsport AW
0,2020-01-30 23:40,02:00,Cleveland Cavaliers,Toronto Raptors,5.4,1.22,-0.4857316332726125,Unibet HW,TOPsport AW
1,2020-01-30 23:40,02:00,Washington Wizards,Charlotte Hornets,1.6,2.51,-2.340637450199207,Cbet HW,TOPsport AW
2,2020-01-30 23:40,02:30,Atlanta Hawks,Philadelphia 76ers,3.38,1.37,-2.57849954649505,TOPsport HW,Cbet AW
3,2020-01-30 23:40,03:00,Boston Celtics,Golden State Warriors,1.11,8.94,-1.2757724167120053,TOPsport HW,Optibet AW
4,2020-01-30 23:40,05:30,Los Angeles Clippers,Sacramento Kings,1.1,9.19,-1.7904837273716459,TOPsport HW,Optibet AW
5,2020-01-30 23:40,05:30,Denver Nuggets,Utah Jazz,1.9,2.06,-1.1752682677567683,Cbet HW,TOPsport AW
0,2020-01-30 23:48,02:00,Cleveland Cavaliers,Toronto Raptors,5.4,1.22,-0.4857316332726125,Unibet HW,TOPsport AW
1,2020-01-30 23:48,02:00,Washington Wizards,Charlotte Hornets,1.6,2.51,-2.340637450199207,Cbet HW,TOPsport AW
2,2020-01-30 23:48,02:30,Atlanta Hawks,Philadelphia 76ers,3.38,1.37,-2.57849954649505,TOPsport HW,Cbet AW
3,2020-01-30 23:48,03:00,Boston Celtics,Golden State Warriors,1.11,8.94,-1.2757724167120053,TOPsport HW,Optibet AW
4,2020-01-30 23:48,05:30,Los Angeles Clippers,Sacramento Kings,1.1,9.19,-1.7904837273716459,TOPsport HW,Optibet AW
5,2020-01-30 23:48,05:30,Denver Nuggets,Utah Jazz,1.9,2.06,-1.1752682677567683,Cbet HW,TOPsport AW
0,2020-01-30 23:56,02:00,Cleveland Cavaliers,Toronto Raptors,5.4,1.22,-0.4857316332726125,Unibet HW,TOPsport AW
1,2020-01-30 23:56,02:00,Washington Wizards,Charlotte Hornets,1.6,2.51,-2.340637450199207,Cbet HW,TOPsport AW
2,2020-01-30 23:56,02:30,Atlanta Hawks,Philadelphia 76ers,3.38,1.4,-1.0143702451394732,TOPsport HW,Unibet AW
3,2020-01-30 23:56,03:00,Boston Celtics,Golden State Warriors,1.11,8.94,-1.2757724167120053,TOPsport HW,Optibet AW
4,2020-01-30 23:56,05:30,Los Angeles Clippers,Sacramento Kings,1.1,9.19,-1.7904837273716459,TOPsport HW,Optibet AW
5,2020-01-30 23:56,05:30,Denver Nuggets,Utah Jazz,1.9,2.06,-1.1752682677567683,Cbet HW,TOPsport AW
0,2020-01-31 00:08,02:00,Cleveland Cavaliers,Toronto Raptors,5.4,1.22,-0.4857316332726125,Unibet HW,TOPsport AW
1,2020-01-31 00:08,02:00,Washington Wizards,Charlotte Hornets,1.6,2.51,-2.340637450199207,Cbet HW,TOPsport AW
2,2020-01-31 00:08,02:30,Atlanta Hawks,Philadelphia 76ers,3.38,1.4,-1.0143702451394732,TOPsport HW,Unibet AW
3,2020-01-31 00:08,03:00,Boston Celtics,Golden State Warriors,1.11,8.94,-1.2757724167120053,TOPsport HW,Optibet AW
4,2020-01-31 00:08,05:30,Los Angeles Clippers,Sacramento Kings,1.1,9.19,-1.7904837273716459,TOPsport HW,Optibet AW
5,2020-01-31 00:08,05:30,Denver Nuggets,Utah Jazz,1.9,2.06,-1.1752682677567683,Cbet HW,TOPsport AW
0,2020-01-31 00:24,02:00,Cleveland Cavaliers,Toronto Raptors,5.4,1.22,-0.4857316332726125,Unibet HW,TOPsport AW
1,2020-01-31 00:24,02:00,Washington Wizards,Charlotte Hornets,1.6,2.51,-2.340637450199207,Cbet HW,TOPsport AW
2,2020-01-31 00:24,02:30,Atlanta Hawks,Philadelphia 76ers,3.38,1.4,-1.0143702451394732,TOPsport HW,Unibet AW
3,2020-01-31 00:24,03:00,Boston Celtics,Golden State Warriors,1.11,8.98,-1.2259475511145785,TOPsport HW,Optibet AW
4,2020-01-31 00:24,05:30,Los Angeles Clippers,Sacramento Kings,1.1,9.24,-1.7316017316017285,TOPsport HW,Optibet AW
5,2020-01-31 00:24,05:30,Denver Nuggets,Utah Jazz,1.9,2.06,-1.1752682677567683,Cbet HW,TOPsport AW
0,2020-01-31 00:40,02:00,Cleveland Cavaliers,Toronto Raptors,5.4,1.22,-0.4857316332726125,Unibet HW,TOPsport AW
1,2020-01-31 00:40,02:00,Washington Wizards,Charlotte Hornets,1.62,2.51,-1.5690325119275983,Unibet HW,TOPsport AW
2,2020-01-31 00:40,02:30,Atlanta Hawks,Philadelphia 76ers,3.38,1.4,-1.0143702451394732,TOPsport HW,Unibet AW
3,2020-01-31 00:40,03:00,Boston Celtics,Golden State Warriors,1.11,8.98,-1.2259475511145785,TOPsport HW,Optibet AW
4,2020-01-31 00:40,05:30,Los Angeles Clippers,Sacramento Kings,1.1,9.24,-1.7316017316017285,TOPsport HW,Optibet AW
5,2020-01-31 00:40,05:30,Denver Nuggets,Utah Jazz,2.05,2.06,2.675822874733602,Cbet HW,TOPsport AW
0,2020-01-31 00:48,02:00,Cleveland Cavaliers,Toronto Raptors,5.4,1.22,-0.4857316332726125,Unibet HW,TOPsport AW
1,2020-01-31 00:48,02:00,Washington Wizards,Charlotte Hornets,1.62,2.51,-1.5690325119275983,Unibet HW,TOPsport AW
2,2020-01-31 00:48,02:30,Atlanta Hawks,Philadelphia 76ers,3.38,1.4,-1.0143702451394732,TOPsport HW,Unibet AW
3,2020-01-31 00:48,03:00,Boston Celtics,Golden State Warriors,1.11,9.34,-0.7967282057217723,TOPsport HW,Optibet AW
4,2020-01-31 00:48,05:30,Los Angeles Clippers,Sacramento Kings,1.1,9.19,-1.7904837273716459,TOPsport HW,Optibet AW
0,2020-01-31 00:56,02:00,Cleveland Cavaliers,Toronto Raptors,5.4,1.22,-0.4857316332726125,Unibet HW,TOPsport AW
1,2020-01-31 00:56,02:00,Washington Wizards,Charlotte Hornets,1.62,2.51,-1.5690325119275983,Unibet HW,TOPsport AW
2,2020-01-31 00:56,02:30,Atlanta Hawks,Philadelphia 76ers,3.38,1.4,-1.0143702451394732,TOPsport HW,Unibet AW
3,2020-01-31 00:56,03:00,Boston Celtics,Golden State Warriors,1.11,9.29,-0.8543527380986932,TOPsport HW,Optibet AW
4,2020-01-31 00:56,05:30,Los Angeles Clippers,Sacramento Kings,1.1,9.14,-1.8500099462900308,TOPsport HW,Optibet AW
0,2020-01-31 01:00,02:00,Cleveland Cavaliers,Toronto Raptors,5.4,1.22,-0.4857316332726125,Unibet HW,TOPsport AW
1,2020-01-31 01:00,02:00,Washington Wizards,Charlotte Hornets,1.62,2.51,-1.5690325119275983,Unibet HW,TOPsport AW
2,2020-01-31 01:00,02:30,Atlanta Hawks,Philadelphia 76ers,3.38,1.4,-1.0143702451394732,TOPsport HW,Unibet AW
3,2020-01-31 01:00,03:00,Boston Celtics,Golden State Warriors,1.11,9.29,-0.8543527380986932,TOPsport HW,Optibet AW
4,2020-01-31 01:00,05:30,Los Angeles Clippers,Sacramento Kings,1.1,9.14,-1.8500099462900308,TOPsport HW,Optibet AW
0,2020-01-31 01:08,02:00,Cleveland Cavaliers,Toronto Raptors,5.4,1.22,-0.4857316332726125,Unibet HW,TOPsport AW
1,2020-01-31 01:08,02:00,Washington Wizards,Charlotte Hornets,1.62,2.51,-1.5690325119275983,Unibet HW,TOPsport AW
2,2020-01-31 01:08,02:30,Atlanta Hawks,Philadelphia 76ers,3.38,1.4,-1.0143702451394732,TOPsport HW,Unibet AW
3,2020-01-31 01:08,03:00,Boston Celtics,Golden State Warriors,1.11,9.29,-0.8543527380986932,TOPsport HW,Optibet AW
4,2020-01-31 01:08,05:30,Los Angeles Clippers,Sacramento Kings,1.1,9.14,-1.8500099462900308,TOPsport HW,Optibet AW
0,2020-01-31 01:16,02:00,Cleveland Cavaliers,Toronto Raptors,5.4,1.22,-0.4857316332726125,Unibet HW,TOPsport AW
1,2020-01-31 01:16,02:00,Washington Wizards,Charlotte Hornets,1.62,2.51,-1.5690325119275983,Unibet HW,TOPsport AW
2,2020-01-31 01:16,02:30,Atlanta Hawks,Philadelphia 76ers,3.38,1.4,-1.0143702451394732,TOPsport HW,Unibet AW
3,2020-01-31 01:16,03:00,Boston Celtics,Golden State Warriors,1.11,9.29,-0.8543527380986932,TOPsport HW,Optibet AW
4,2020-01-31 01:16,05:30,Los Angeles Clippers,Sacramento Kings,1.1,9.14,-1.8500099462900308,TOPsport HW,Optibet AW
0,2020-01-31 01:24,02:00,Cleveland Cavaliers,Toronto Raptors,5.4,1.22,-0.4857316332726125,Unibet HW,TOPsport AW
1,2020-01-31 01:24,02:00,Washington Wizards,Charlotte Hornets,1.62,2.51,-1.5690325119275983,Unibet HW,TOPsport AW
2,2020-01-31 01:24,02:30,Atlanta Hawks,Philadelphia 76ers,3.38,1.4,-1.0143702451394732,TOPsport HW,Unibet AW
3,2020-01-31 01:24,03:00,Boston Celtics,Golden State Warriors,1.11,9.34,-0.7967282057217723,TOPsport HW,Optibet AW
4,2020-01-31 01:24,05:30,Los Angeles Clippers,Sacramento Kings,1.1,9.14,-1.8500099462900308,TOPsport HW,Optibet AW
0,2020-01-31 01:32,02:00,Cleveland Cavaliers,Toronto Raptors,5.4,1.22,-0.4857316332726125,Unibet HW,TOPsport AW
1,2020-01-31 01:32,02:00,Washington Wizards,Charlotte Hornets,1.62,2.51,-1.5690325119275983,Unibet HW,TOPsport AW
2,2020-01-31 01:32,02:30,Atlanta Hawks,Philadelphia 76ers,3.38,1.4,-1.0143702451394732,TOPsport HW,Unibet AW
3,2020-01-31 01:32,03:00,Boston Celtics,Golden State Warriors,1.11,8.98,-1.2259475511145785,TOPsport HW,Optibet AW
4,2020-01-31 01:32,05:30,Los Angeles Clippers,Sacramento Kings,1.1,9.14,-1.8500099462900308,TOPsport HW,Optibet AW
0,2020-01-31 01:40,02:00,Cleveland Cavaliers,Toronto Raptors,5.4,1.22,-0.4857316332726125,Unibet HW,TOPsport AW
1,2020-01-31 01:40,02:00,Washington Wizards,Charlotte Hornets,1.6,2.51,-2.340637450199207,Cbet HW,TOPsport AW
2,2020-01-31 01:40,02:30,Atlanta Hawks,Philadelphia 76ers,3.38,1.4,-1.0143702451394732,TOPsport HW,Unibet AW
3,2020-01-31 01:40,03:00,Boston Celtics,Golden State Warriors,1.11,8.98,-1.2259475511145785,TOPsport HW,Optibet AW
4,2020-01-31 01:40,05:30,Los Angeles Clippers,Sacramento Kings,1.1,9.14,-1.8500099462900308,TOPsport HW,Optibet AW
0,2020-02-01 17:08,22:30,Los Angeles Clippers,Minnesota Timberwolves,1.22,5.4,-0.48573163327261804,Cbet HW,TOPsport AW
1,2020-02-01 17:08,02:00,Indiana Pacers,New York Knicks,1.19,5.5,-2.2154316271963346,TOPsport HW,Optibet AW
2,2020-02-01 17:08,02:00,Orlando Magic,Miami Heat,2.25,1.79,-0.3103662321539358,Cbet HW,TOPsport AW
3,2020-02-01 17:08,03:00,Cleveland Cavaliers,Golden State Warriors,1.85,2.08,-2.1309771309771186,TOPsport HW,Betsafe AW
4,2020-02-01 17:08,03:00,Washington Wizards,Brooklyn Nets,1.91,2.0,-2.3560209424083767,Cbet HW,TOPsport AW
5,2020-02-01 17:08,03:30,Dallas Mavericks,Atlanta Hawks,1.5,2.93,-0.7963594994311651,Cbet HW,TOPsport AW
6,2020-02-01 17:08,03:30,Boston Celtics,Philadelphia 76ers,1.7,2.3,-2.3017902813299296,TOPsport HW,Cbet AW
7,2020-02-01 17:08,04:00,San Antonio Spurs,Charlotte Hornets,1.28,4.25,-1.654411764705882,TOPsport HW,Cbet AW
8,2020-02-01 17:08,05:00,Sacramento Kings,Los Angeles Lakers,3.38,1.45,1.448683942052642,TOPsport HW,Optibet AW
9,2020-02-01 17:08,05:30,Portland Trail Blazers,Utah Jazz,3.0,1.53,1.3071895424836666,Unibet HW,TOPsport AW
0,2020-02-01 17:32,22:30,Los Angeles Clippers,Minnesota Timberwolves,1.22,5.4,-0.48573163327261804,Cbet HW,TOPsport AW
1,2020-02-01 17:32,02:00,Indiana Pacers,New York Knicks,1.19,5.5,-2.2154316271963346,TOPsport HW,Optibet AW
2,2020-02-01 17:32,02:00,Orlando Magic,Miami Heat,2.25,1.79,-0.3103662321539358,Cbet HW,TOPsport AW
3,2020-02-01 17:32,03:00,Cleveland Cavaliers,Golden State Warriors,1.85,2.08,-2.1309771309771186,TOPsport HW,Betsafe AW
4,2020-02-01 17:32,03:00,Washington Wizards,Brooklyn Nets,1.9,2.0,-2.631578947368418,TOPsport HW,TOPsport AW
5,2020-02-01 17:32,03:30,Dallas Mavericks,Atlanta Hawks,1.5,2.93,-0.7963594994311651,Cbet HW,TOPsport AW
6,2020-02-01 17:32,03:30,Boston Celtics,Philadelphia 76ers,1.7,2.3,-2.3017902813299296,TOPsport HW,Cbet AW
7,2020-02-01 17:32,04:00,San Antonio Spurs,Charlotte Hornets,1.28,4.25,-1.654411764705882,TOPsport HW,Cbet AW
8,2020-02-01 17:32,05:00,Sacramento Kings,Los Angeles Lakers,3.38,1.42,-0.008334027835654734,TOPsport HW,Unibet AW
9,2020-02-01 17:32,05:30,Portland Trail Blazers,Utah Jazz,3.05,1.53,1.85363762991535,Cbet HW,TOPsport AW
0,2020-02-02 01:00,02:00,Indiana Pacers,New York Knicks,1.19,6.16,-0.2673796791443861,TOPsport HW,Optibet AW
1,2020-02-02 01:00,02:00,Orlando Magic,Miami Heat,2.14,1.8,-2.2845275181723856,TOPsport HW,Unibet AW
2,2020-02-02 01:00,03:00,Cleveland Cavaliers,Golden State Warriors,1.85,2.06,-2.597743374442396,TOPsport HW,TOPsport AW
3,2020-02-02 01:00,03:00,Washington Wizards,Brooklyn Nets,2.02,1.86,-3.268391355264555,Unibet HW,Olybet AW
4,2020-02-02 01:00,03:30,Dallas Mavericks,Atlanta Hawks,1.57,2.6,-2.155805977462022,Unibet HW,TOPsport AW
5,2020-02-02 01:00,03:30,Boston Celtics,Philadelphia 76ers,1.98,2.0,-0.5050505050505083,Olybet HW,TOPsport AW
6,2020-02-02 01:00,04:00,San Antonio Spurs,Charlotte Hornets,1.28,4.5,-0.347222222222221,TOPsport HW,Unibet AW
7,2020-02-02 01:00,05:00,Sacramento Kings,Los Angeles Lakers,3.38,1.38,-2.049566932510083,TOPsport HW,Unibet AW
8,2020-02-02 01:00,05:30,Portland Trail Blazers,Utah Jazz,3.0,1.45,-2.298850574712641,Unibet HW,TOPsport AW
0,2020-02-02 01:08,02:00,Indiana Pacers,New York Knicks,1.19,6.16,-0.2673796791443861,TOPsport HW,Optibet AW
1,2020-02-02 01:08,02:00,Orlando Magic,Miami Heat,2.14,1.8,-2.2845275181723856,TOPsport HW,Unibet AW
2,2020-02-02 01:08,03:00,Cleveland Cavaliers,Golden State Warriors,1.85,2.06,-2.597743374442396,TOPsport HW,TOPsport AW
3,2020-02-02 01:08,03:00,Washington Wizards,Brooklyn Nets,2.02,1.86,-3.268391355264555,Unibet HW,Olybet AW
4,2020-02-02 01:08,03:30,Dallas Mavericks,Atlanta Hawks,1.57,2.6,-2.155805977462022,Optibet HW,TOPsport AW
5,2020-02-02 01:08,03:30,Boston Celtics,Philadelphia 76ers,1.98,2.0,-0.5050505050505083,Olybet HW,TOPsport AW
6,2020-02-02 01:08,04:00,San Antonio Spurs,Charlotte Hornets,1.28,4.5,-0.347222222222221,TOPsport HW,Unibet AW
7,2020-02-02 01:08,05:00,Sacramento Kings,Los Angeles Lakers,3.38,1.38,-2.049566932510083,TOPsport HW,Unibet AW
8,2020-02-02 01:08,05:30,Portland Trail Blazers,Utah Jazz,3.0,1.45,-2.298850574712641,Unibet HW,TOPsport AW
0,2020-02-02 12:48,19:30,Detroit Pistons,Denver Nuggets,2.2,1.76,-2.272727272727282,Olybet HW,TOPsport AW
1,2020-02-02 12:48,21:00,Milwaukee Bucks,Phoenix Suns,1.14,8.5,0.5159958720330177,TOPsport HW,Unibet AW
2,2020-02-02 12:48,21:00,Houston Rockets,New Orleans Pelicans,1.52,2.81,-1.3766622963101771,Unibet HW,TOPsport AW
3,2020-02-02 12:48,22:00,Toronto Raptors,Chicago Bulls,1.18,5.7,-2.28962236098722,TOPsport HW,TOPsport AW
0,2020-02-02 12:56,19:30,Detroit Pistons,Denver Nuggets,2.15,1.76,-3.329809725158561,TOPsport HW,TOPsport AW
1,2020-02-02 12:56,21:00,Milwaukee Bucks,Phoenix Suns,1.14,8.5,0.5159958720330177,TOPsport HW,Unibet AW
2,2020-02-02 12:56,21:00,Houston Rockets,New Orleans Pelicans,1.52,2.81,-1.3766622963101771,Unibet HW,TOPsport AW
3,2020-02-02 12:56,22:00,Toronto Raptors,Chicago Bulls,1.18,5.7,-2.28962236098722,TOPsport HW,TOPsport AW
0,2020-02-02 13:24,19:30,Detroit Pistons,Denver Nuggets,2.15,1.76,-3.329809725158561,TOPsport HW,TOPsport AW
1,2020-02-02 13:24,21:00,Milwaukee Bucks,Phoenix Suns,1.14,7.5,-1.0526315789473744,TOPsport HW,Unibet AW
2,2020-02-02 13:24,21:00,Houston Rockets,New Orleans Pelicans,1.52,2.81,-1.3766622963101771,Unibet HW,TOPsport AW
3,2020-02-02 13:24,22:00,Toronto Raptors,Chicago Bulls,1.18,5.7,-2.28962236098722,TOPsport HW,TOPsport AW
0,2020-02-02 13:34,19:30,Detroit Pistons,Denver Nuggets,2.2,1.76,-2.272727272727282,Olybet HW,TOPsport AW
1,2020-02-02 13:34,21:00,Milwaukee Bucks,Phoenix Suns,1.14,8.0,-0.21929824561404132,TOPsport HW,Olybet AW
2,2020-02-02 13:34,21:00,Houston Rockets,New Orleans Pelicans,1.52,2.81,-1.3766622963101771,Unibet HW,TOPsport AW
3,2020-02-02 13:34,22:00,Toronto Raptors,Chicago Bulls,1.18,5.7,-2.28962236098722,TOPsport HW,TOPsport AW
0,2020-02-02 13:48,19:30,Detroit Pistons,Denver Nuggets,2.2,1.76,-2.272727272727282,Olybet HW,TOPsport AW
1,2020-02-02 13:48,21:00,Milwaukee Bucks,Phoenix Suns,1.14,8.0,-0.21929824561404132,TOPsport HW,Olybet AW
2,2020-02-02 13:48,21:00,Houston Rockets,New Orleans Pelicans,1.52,2.81,-1.3766622963101771,Unibet HW,TOPsport AW
3,2020-02-02 13:48,22:00,Toronto Raptors,Chicago Bulls,1.18,5.7,-2.28962236098722,TOPsport HW,TOPsport AW
0,2020-02-02 13:56,19:30,Detroit Pistons,Denver Nuggets,2.15,1.76,-3.329809725158561,TOPsport HW,TOPsport AW
1,2020-02-02 13:56,21:00,Milwaukee Bucks,Phoenix Suns,1.14,7.5,-1.0526315789473744,TOPsport HW,Unibet AW
2,2020-02-02 13:56,21:00,Houston Rockets,New Orleans Pelicans,1.52,2.81,-1.3766622963101771,Unibet HW,TOPsport AW
3,2020-02-02 13:56,22:00,Toronto Raptors,Chicago Bulls,1.18,5.7,-2.28962236098722,TOPsport HW,TOPsport AW
0,2020-02-02 14:00,19:30,Detroit Pistons,Denver Nuggets,2.15,1.76,-3.329809725158561,TOPsport HW,TOPsport AW
1,2020-02-02 14:00,21:00,Milwaukee Bucks,Phoenix Suns,1.14,8.0,-0.21929824561404132,TOPsport HW,Olybet AW
2,2020-02-02 14:00,21:00,Houston Rockets,New Orleans Pelicans,1.52,2.81,-1.3766622963101771,Unibet HW,TOPsport AW
3,2020-02-02 14:00,22:00,Toronto Raptors,Chicago Bulls,1.18,5.7,-2.28962236098722,TOPsport HW,TOPsport AW
0,2020-02-02 14:08,19:30,Detroit Pistons,Denver Nuggets,2.2,1.76,-2.272727272727282,Olybet HW,TOPsport AW
1,2020-02-02 14:08,21:00,Milwaukee Bucks,Phoenix Suns,1.14,8.0,-0.21929824561404132,TOPsport HW,Olybet AW
2,2020-02-02 14:08,21:00,Houston Rockets,New Orleans Pelicans,1.52,2.81,-1.3766622963101771,Unibet HW,TOPsport AW
3,2020-02-02 14:08,22:00,Toronto Raptors,Chicago Bulls,1.18,5.7,-2.28962236098722,TOPsport HW,TOPsport AW
0,2020-02-02 14:16,19:30,Detroit Pistons,Denver Nuggets,2.2,1.76,-2.272727272727282,Olybet HW,TOPsport AW
1,2020-02-02 14:16,21:00,Milwaukee Bucks,Phoenix Suns,1.14,8.0,-0.21929824561404132,TOPsport HW,Olybet AW
2,2020-02-02 14:16,21:00,Houston Rockets,New Orleans Pelicans,1.52,2.81,-1.3766622963101771,Unibet HW,TOPsport AW
3,2020-02-02 14:16,22:00,Toronto Raptors,Chicago Bulls,1.18,5.7,-2.28962236098722,TOPsport HW,TOPsport AW
0,2020-02-02 14:24,19:30,Detroit Pistons,Denver Nuggets,2.2,1.76,-2.272727272727282,Olybet HW,TOPsport AW
1,2020-02-02 14:24,21:00,Milwaukee Bucks,Phoenix Suns,1.14,8.0,-0.21929824561404132,TOPsport HW,Olybet AW
2,2020-02-02 14:24,21:00,Houston Rockets,New Orleans Pelicans,1.52,2.81,-1.3766622963101771,Unibet HW,TOPsport AW
3,2020-02-02 14:24,22:00,Toronto Raptors,Chicago Bulls,1.18,5.7,-2.28962236098722,TOPsport HW,TOPsport AW
0,2020-02-02 14:32,19:30,Detroit Pistons,Denver Nuggets,2.2,1.76,-2.272727272727282,Olybet HW,TOPsport AW
1,2020-02-02 14:32,21:00,Milwaukee Bucks,Phoenix Suns,1.14,8.0,-0.21929824561404132,TOPsport HW,Olybet AW
2,2020-02-02 14:32,21:00,Houston Rockets,New Orleans Pelicans,1.52,2.81,-1.3766622963101771,Unibet HW,TOPsport AW
3,2020-02-02 14:32,22:00,Toronto Raptors,Chicago Bulls,1.18,5.7,-2.28962236098722,TOPsport HW,TOPsport AW
0,2020-02-02 14:40,19:30,Detroit Pistons,Denver Nuggets,2.15,1.77,-3.008803048219677,TOPsport HW,Cbet AW
1,2020-02-02 14:40,21:00,Milwaukee Bucks,Phoenix Suns,1.14,7.5,-1.0526315789473744,TOPsport HW,Unibet AW
2,2020-02-02 14:40,21:00,Houston Rockets,New Orleans Pelicans,1.52,2.81,-1.3766622963101771,Unibet HW,TOPsport AW
3,2020-02-02 14:40,22:00,Toronto Raptors,Chicago Bulls,1.18,5.7,-2.28962236098722,TOPsport HW,TOPsport AW
0,2020-02-02 14:48,19:30,Detroit Pistons,Denver Nuggets,2.2,1.76,-2.272727272727282,Cbet HW,TOPsport AW
1,2020-02-02 14:48,21:00,Milwaukee Bucks,Phoenix Suns,1.14,7.5,-1.0526315789473744,TOPsport HW,Unibet AW
2,2020-02-02 14:48,21:00,Houston Rockets,New Orleans Pelicans,1.52,2.81,-1.3766622963101771,Unibet HW,TOPsport AW
3,2020-02-02 14:48,22:00,Toronto Raptors,Chicago Bulls,1.18,5.7,-2.28962236098722,TOPsport HW,TOPsport AW
0,2020-02-02 14:56,19:30,Detroit Pistons,Denver Nuggets,2.2,1.76,-2.272727272727282,Cbet HW,TOPsport AW
1,2020-02-02 14:56,21:00,Milwaukee Bucks,Phoenix Suns,1.14,7.5,-1.0526315789473744,TOPsport HW,Unibet AW
2,2020-02-02 14:56,21:00,Houston Rockets,New Orleans Pelicans,1.52,2.81,-1.3766622963101771,Unibet HW,TOPsport AW
3,2020-02-02 14:56,22:00,Toronto Raptors,Chicago Bulls,1.18,5.7,-2.28962236098722,TOPsport HW,TOPsport AW
0,2020-02-02 15:00,19:30,Detroit Pistons,Denver Nuggets,2.2,1.76,-2.272727272727282,Cbet HW,TOPsport AW
1,2020-02-02 15:00,21:00,Milwaukee Bucks,Phoenix Suns,1.14,7.5,-1.0526315789473744,TOPsport HW,Unibet AW
2,2020-02-02 15:00,21:00,Houston Rockets,New Orleans Pelicans,1.52,2.81,-1.3766622963101771,Unibet HW,TOPsport AW
3,2020-02-02 15:00,22:00,Toronto Raptors,Chicago Bulls,1.18,5.7,-2.28962236098722,TOPsport HW,TOPsport AW
0,2020-02-02 15:08,19:30,Detroit Pistons,Denver Nuggets,2.2,1.76,-2.272727272727282,Cbet HW,TOPsport AW
1,2020-02-02 15:08,21:00,Milwaukee Bucks,Phoenix Suns,1.14,7.5,-1.0526315789473744,TOPsport HW,Unibet AW
2,2020-02-02 15:08,21:00,Houston Rockets,New Orleans Pelicans,1.52,2.81,-1.3766622963101771,Unibet HW,TOPsport AW
3,2020-02-02 15:08,22:00,Toronto Raptors,Chicago Bulls,1.18,5.7,-2.28962236098722,TOPsport HW,TOPsport AW
0,2020-02-02 15:16,19:30,Detroit Pistons,Denver Nuggets,2.2,1.76,-2.272727272727282,Cbet HW,TOPsport AW
1,2020-02-02 15:16,21:00,Milwaukee Bucks,Phoenix Suns,1.14,7.5,-1.0526315789473744,TOPsport HW,Unibet AW
2,2020-02-02 15:16,21:00,Houston Rockets,New Orleans Pelicans,1.52,2.81,-1.3766622963101771,Unibet HW,TOPsport AW
3,2020-02-02 15:16,22:00,Toronto Raptors,Chicago Bulls,1.18,5.7,-2.28962236098722,TOPsport HW,TOPsport AW
0,2020-02-02 15:24,19:30,Detroit Pistons,Denver Nuggets,2.2,1.76,-2.272727272727282,Cbet HW,TOPsport AW
1,2020-02-02 15:24,21:00,Houston Rockets,New Orleans Pelicans,1.52,2.81,-1.3766622963101771,Unibet HW,TOPsport AW
2,2020-02-02 15:24,22:00,Toronto Raptors,Chicago Bulls,1.18,5.7,-2.28962236098722,TOPsport HW,TOPsport AW
0,2020-02-02 15:40,19:30,Detroit Pistons,Denver Nuggets,2.22,1.76,-1.8632268632268634,Betsafe HW,TOPsport AW
1,2020-02-02 15:40,21:00,Houston Rockets,New Orleans Pelicans,1.52,2.81,-1.3766622963101771,Unibet HW,TOPsport AW
2,2020-02-02 15:40,22:00,Toronto Raptors,Chicago Bulls,1.18,5.7,-2.28962236098722,TOPsport HW,TOPsport AW
0,2020-02-02 15:48,19:30,Detroit Pistons,Denver Nuggets,2.22,1.76,-1.8632268632268634,Betsafe HW,TOPsport AW
1,2020-02-02 15:48,21:00,Houston Rockets,New Orleans Pelicans,1.52,2.81,-1.3766622963101771,Unibet HW,TOPsport AW
2,2020-02-02 15:48,22:00,Toronto Raptors,Chicago Bulls,1.18,5.7,-2.28962236098722,TOPsport HW,TOPsport AW
0,2020-02-02 15:56,19:30,Detroit Pistons,Denver Nuggets,2.22,1.76,-1.8632268632268634,Betsafe HW,TOPsport AW
1,2020-02-02 15:56,21:00,Houston Rockets,New Orleans Pelicans,1.52,2.81,-1.3766622963101771,Unibet HW,TOPsport AW
2,2020-02-02 15:56,22:00,Toronto Raptors,Chicago Bulls,1.18,5.7,-2.28962236098722,TOPsport HW,TOPsport AW
0,2020-02-02 16:00,19:30,Detroit Pistons,Denver Nuggets,2.25,1.76,-1.2626262626262652,Betsafe HW,TOPsport AW
1,2020-02-02 16:00,21:00,Houston Rockets,New Orleans Pelicans,1.52,2.81,-1.3766622963101771,Unibet HW,TOPsport AW
2,2020-02-02 16:00,22:00,Toronto Raptors,Chicago Bulls,1.18,5.7,-2.28962236098722,TOPsport HW,TOPsport AW
0,2020-02-02 16:08,19:30,Detroit Pistons,Denver Nuggets,2.25,1.76,-1.2626262626262652,Cbet HW,TOPsport AW
1,2020-02-02 16:08,21:00,Houston Rockets,New Orleans Pelicans,1.52,2.81,-1.3766622963101771,Unibet HW,TOPsport AW
2,2020-02-02 16:08,22:00,Toronto Raptors,Chicago Bulls,1.18,5.7,-2.28962236098722,TOPsport HW,TOPsport AW
0,2020-02-02 16:16,19:30,Detroit Pistons,Denver Nuggets,2.25,1.76,-1.2626262626262652,Cbet HW,TOPsport AW
1,2020-02-02 16:16,21:00,Houston Rockets,New Orleans Pelicans,1.52,2.81,-1.3766622963101771,Unibet HW,TOPsport AW
2,2020-02-02 16:16,22:00,Toronto Raptors,Chicago Bulls,1.18,5.7,-2.28962236098722,TOPsport HW,TOPsport AW
0,2020-02-02 16:24,19:30,Detroit Pistons,Denver Nuggets,2.27,1.76,-0.8710452543051694,Betsafe HW,TOPsport AW
1,2020-02-02 16:24,21:00,Houston Rockets,New Orleans Pelicans,1.52,2.81,-1.3766622963101771,Unibet HW,TOPsport AW
2,2020-02-02 16:24,22:00,Toronto Raptors,Chicago Bulls,1.18,5.7,-2.28962236098722,TOPsport HW,TOPsport AW
0,2020-02-02 16:32,19:30,Detroit Pistons,Denver Nuggets,2.25,1.76,-1.2626262626262652,Cbet HW,TOPsport AW
1,2020-02-02 16:32,21:00,Houston Rockets,New Orleans Pelicans,1.52,2.81,-1.3766622963101771,Unibet HW,TOPsport AW
2,2020-02-02 16:32,22:00,Toronto Raptors,Chicago Bulls,1.18,5.7,-2.28962236098722,TOPsport HW,TOPsport AW
0,2020-02-02 16:40,19:30,Detroit Pistons,Denver Nuggets,2.25,1.76,-1.2626262626262652,Cbet HW,TOPsport AW
1,2020-02-02 16:40,21:00,Houston Rockets,New Orleans Pelicans,1.52,2.81,-1.3766622963101771,Unibet HW,TOPsport AW
2,2020-02-02 16:40,22:00,Toronto Raptors,Chicago Bulls,1.18,5.7,-2.28962236098722,TOPsport HW,TOPsport AW
0,2020-02-02 16:48,19:30,Detroit Pistons,Denver Nuggets,2.25,1.76,-1.2626262626262652,Cbet HW,TOPsport AW
1,2020-02-02 16:48,21:00,Milwaukee Bucks,Phoenix Suns,1.15,6.75,-1.7713365539452575,Olybet HW,TOPsport AW
2,2020-02-02 16:48,21:00,Houston Rockets,New Orleans Pelicans,1.52,2.81,-1.3766622963101771,Unibet HW,TOPsport AW
3,2020-02-02 16:48,22:00,Toronto Raptors,Chicago Bulls,1.18,5.7,-2.28962236098722,TOPsport HW,TOPsport AW
0,2020-02-02 16:56,19:30,Detroit Pistons,Denver Nuggets,2.27,1.76,-0.8710452543051694,Betsafe HW,TOPsport AW
1,2020-02-02 16:56,21:00,Milwaukee Bucks,Phoenix Suns,1.17,6.75,-0.2849002849002913,Cbet HW,TOPsport AW
2,2020-02-02 16:56,21:00,Houston Rockets,New Orleans Pelicans,1.52,2.81,-1.3766622963101771,Unibet HW,TOPsport AW
3,2020-02-02 16:56,22:00,Toronto Raptors,Chicago Bulls,1.18,5.7,-2.28962236098722,TOPsport HW,TOPsport AW
0,2020-02-02 17:08,19:30,Detroit Pistons,Denver Nuggets,2.3,1.76,-0.29644268774704496,Cbet HW,TOPsport AW
1,2020-02-02 17:08,21:00,Milwaukee Bucks,Phoenix Suns,1.17,6.75,-0.2849002849002913,Cbet HW,TOPsport AW
2,2020-02-02 17:08,21:00,Houston Rockets,New Orleans Pelicans,1.52,2.81,-1.3766622963101771,Unibet HW,TOPsport AW
3,2020-02-02 17:08,22:00,Toronto Raptors,Chicago Bulls,1.18,5.7,-2.28962236098722,TOPsport HW,TOPsport AW
0,2020-02-02 17:16,19:30,Detroit Pistons,Denver Nuggets,2.27,1.76,-0.8710452543051694,Betsafe HW,TOPsport AW
1,2020-02-02 17:16,21:00,Milwaukee Bucks,Phoenix Suns,1.17,6.75,-0.2849002849002913,Cbet HW,TOPsport AW
2,2020-02-02 17:16,21:00,Houston Rockets,New Orleans Pelicans,1.5,2.81,-2.2538552787663093,Cbet HW,TOPsport AW
3,2020-02-02 17:16,22:00,Toronto Raptors,Chicago Bulls,1.18,5.7,-2.28962236098722,TOPsport HW,TOPsport AW
0,2020-02-02 17:24,19:30,Detroit Pistons,Denver Nuggets,2.22,1.76,-1.8632268632268634,Betsafe HW,TOPsport AW
1,2020-02-02 17:24,21:00,Milwaukee Bucks,Phoenix Suns,1.17,6.75,-0.2849002849002913,Cbet HW,TOPsport AW
2,2020-02-02 17:24,21:00,Houston Rockets,New Orleans Pelicans,1.5,2.81,-2.2538552787663093,Cbet HW,TOPsport AW
3,2020-02-02 17:24,22:00,Toronto Raptors,Chicago Bulls,1.18,5.7,-2.28962236098722,TOPsport HW,TOPsport AW
0,2020-02-02 17:32,19:30,Detroit Pistons,Denver Nuggets,2.2,1.76,-2.272727272727282,Cbet HW,TOPsport AW
1,2020-02-02 17:32,21:00,Milwaukee Bucks,Phoenix Suns,1.16,6.75,-1.0217113665389577,Cbet HW,TOPsport AW
2,2020-02-02 17:32,21:00,Houston Rockets,New Orleans Pelicans,1.5,2.81,-2.2538552787663093,Cbet HW,TOPsport AW
3,2020-02-02 17:32,22:00,Toronto Raptors,Chicago Bulls,1.18,5.7,-2.28962236098722,TOPsport HW,TOPsport AW
0,2020-02-02 17:40,19:30,Detroit Pistons,Denver Nuggets,2.2,1.76,-2.272727272727282,Cbet HW,TOPsport AW
1,2020-02-02 17:40,21:00,Milwaukee Bucks,Phoenix Suns,1.16,6.75,-1.0217113665389577,Cbet HW,TOPsport AW
2,2020-02-02 17:40,21:00,Houston Rockets,New Orleans Pelicans,1.5,2.81,-2.2538552787663093,Cbet HW,TOPsport AW
3,2020-02-02 17:40,22:00,Toronto Raptors,Chicago Bulls,1.18,5.75,-2.1370670596905006,TOPsport HW,Optibet AW
0,2020-02-02 17:48,19:30,Detroit Pistons,Denver Nuggets,2.2,1.76,-2.272727272727282,Cbet HW,TOPsport AW
1,2020-02-02 17:48,21:00,Milwaukee Bucks,Phoenix Suns,1.16,6.75,-1.0217113665389577,Cbet HW,TOPsport AW
2,2020-02-02 17:48,21:00,Houston Rockets,New Orleans Pelicans,1.5,2.81,-2.2538552787663093,Betsafe HW,TOPsport AW
3,2020-02-02 17:48,22:00,Toronto Raptors,Chicago Bulls,1.18,5.75,-2.1370670596905006,TOPsport HW,Optibet AW
0,2020-02-02 17:56,19:30,Detroit Pistons,Denver Nuggets,2.22,1.76,-1.8632268632268634,Betsafe HW,TOPsport AW
1,2020-02-02 17:56,21:00,Milwaukee Bucks,Phoenix Suns,1.16,6.75,-1.0217113665389577,Cbet HW,TOPsport AW
2,2020-02-02 17:56,21:00,Houston Rockets,New Orleans Pelicans,1.5,2.81,-2.2538552787663093,Cbet HW,TOPsport AW
3,2020-02-02 17:56,22:00,Toronto Raptors,Chicago Bulls,1.18,5.75,-2.1370670596905006,TOPsport HW,Optibet AW
0,2020-02-02 18:00,19:30,Detroit Pistons,Denver Nuggets,2.17,1.77,-2.5801244499986997,Betsafe HW,Betsafe AW
1,2020-02-02 18:00,21:00,Milwaukee Bucks,Phoenix Suns,1.16,6.75,-1.0217113665389577,Cbet HW,TOPsport AW
2,2020-02-02 18:00,21:00,Houston Rockets,New Orleans Pelicans,1.5,2.81,-2.2538552787663093,Cbet HW,TOPsport AW
3,2020-02-02 18:00,22:00,Toronto Raptors,Chicago Bulls,1.18,5.75,-2.1370670596905006,TOPsport HW,Optibet AW
0,2020-02-02 18:16,19:30,Detroit Pistons,Denver Nuggets,2.18,1.76,-2.6897414512093376,Betsafe HW,TOPsport AW
1,2020-02-02 18:16,21:00,Milwaukee Bucks,Phoenix Suns,1.16,6.75,-1.0217113665389577,Cbet HW,TOPsport AW
2,2020-02-02 18:16,21:00,Houston Rockets,New Orleans Pelicans,1.5,2.81,-2.2538552787663093,Cbet HW,TOPsport AW
3,2020-02-02 18:16,22:00,Toronto Raptors,Chicago Bulls,1.18,5.8,-1.9871420222092429,TOPsport HW,Optibet AW
0,2020-02-02 18:24,19:30,Detroit Pistons,Denver Nuggets,2.16,1.78,-2.4760715771951713,Betsafe HW,Betsafe AW
1,2020-02-02 18:24,21:00,Milwaukee Bucks,Phoenix Suns,1.16,6.75,-1.0217113665389577,Cbet HW,TOPsport AW
2,2020-02-02 18:24,21:00,Houston Rockets,New Orleans Pelicans,1.5,2.81,-2.2538552787663093,Cbet HW,TOPsport AW
3,2020-02-02 18:24,22:00,Toronto Raptors,Chicago Bulls,1.18,5.8,-1.9871420222092429,TOPsport HW,Optibet AW
