,Report Time,Time,Home Team,Away Team,TOPsport HW,TOPsport AW,Optibet HW,Optibet AW,Cbet HW,Cbet AW,Olybet HW,Olybet AW,Unibet HW,Unibet AW,Betsafe HW,Betsafe AW
0,2020-01-29 17:15,02:00,Indiana Pacers,Chicago Bulls,1.30,3.85,1.21,4.24,1.25,4.35,1.23,4.15,1.21,4.75,1.25,4.35
1,2020-01-29 17:15,02:30,Brooklyn Nets,Detroit Pistons,1.38,3.28,1.36,3.10,1.39,3.20,1.37,3.05,1.35,3.30,1.39,3.20
2,2020-01-29 17:15,02:30,New York Knicks,Memphis Grizzlies,2.17,1.76,2.10,1.71,2.20,1.73,2.14,1.71,2.14,1.74,2.20,1.73
3,2020-01-29 17:15,03:30,San Antonio Spurs,Utah Jazz,2.92,1.46,2.65,1.47,2.80,1.49,2.65,1.47,2.80,1.46,2.80,1.49
4,2020-01-29 17:15,05:00,Sacramento Kings,Oklahoma City Thunder,2.42,1.63,2.25,1.62,2.35,1.66,2.27,1.63,,,2.35,1.67
5,2020-01-29 17:15,05:00,Portland Trail Blazers,Houston Rockets,2.06,1.85,2.03,1.76,2.10,1.80,2.07,1.78,,,2.10,1.80
0,2020-01-30 10:44,02:00,Cleveland Cavaliers,Toronto Raptors,5.27,1.19,5.26,1.15,5.15,1.19,,,4.90,1.20,5.15,1.19
1,2020-01-30 10:44,02:00,Washington Wizards,Charlotte Hornets,1.59,2.51,1.57,2.36,1.60,2.50,1.57,2.40,1.58,2.45,1.60,2.50
2,2020-01-30 10:44,02:30,Atlanta Hawks,Philadelphia 76ers,3.68,1.32,3.63,1.27,3.75,1.31,,,3.85,1.28,,
3,2020-01-30 10:44,03:00,Boston Celtics,Golden State Warriors,1.16,6.10,,,,,,,1.13,6.50,,
4,2020-01-30 10:44,05:30,Los Angeles Clippers,Sacramento Kings,1.16,6.10,1.10,6.81,,,,,1.14,6.40,,
5,2020-01-30 10:44,05:30,Denver Nuggets,Utah Jazz,1.84,2.06,1.80,1.98,1.83,2.05,,,1.84,2.02,1.80,2.00
0,2020-01-30 10:51,02:00,Cleveland Cavaliers,Toronto Raptors,5.27,1.19,5.26,1.15,5.15,1.19,5.00,1.18,4.90,1.20,5.15,1.19
1,2020-01-30 10:51,02:00,Washington Wizards,Charlotte Hornets,1.59,2.51,1.57,2.36,1.60,2.50,1.57,2.40,1.58,2.45,1.60,2.50
2,2020-01-30 10:51,02:30,Atlanta Hawks,Philadelphia 76ers,3.68,1.32,3.63,1.27,3.75,1.31,3.45,1.30,3.85,1.28,,
3,2020-01-30 10:51,03:00,Boston Celtics,Golden State Warriors,1.16,6.10,,,,,1.10,7.50,1.13,6.50,,
4,2020-01-30 10:51,05:30,Los Angeles Clippers,Sacramento Kings,1.16,6.10,1.10,6.81,,,1.10,7.50,1.14,6.40,,
5,2020-01-30 10:51,05:30,Denver Nuggets,Utah Jazz,1.84,2.06,1.80,1.98,1.83,2.05,,,1.84,2.02,1.80,2.00
0,2020-01-30 14:07,02:00,Cleveland Cavaliers,Toronto Raptors,5.27,1.19,5.31,1.15,5.20,1.19,,,4.90,1.20,5.20,1.19
1,2020-01-30 14:07,02:00,Washington Wizards,Charlotte Hornets,1.59,2.51,1.55,2.41,1.57,2.50,1.57,2.40,1.58,2.45,1.57,2.52
2,2020-01-30 14:07,02:30,Atlanta Hawks,Philadelphia 76ers,3.68,1.32,3.61,1.28,3.75,1.31,,,3.85,1.28,,
3,2020-01-30 14:07,03:00,Boston Celtics,Golden State Warriors,1.16,6.10,1.08,7.68,1.11,7.55,,,1.10,6.50,1.09,7.40
4,2020-01-30 14:07,05:30,Los Angeles Clippers,Sacramento Kings,1.16,6.10,1.09,7.01,1.11,7.00,,,1.14,6.40,1.10,6.90
5,2020-01-30 14:07,05:30,Denver Nuggets,Utah Jazz,1.84,2.06,1.80,1.98,1.83,2.05,,,1.84,2.02,1.80,2.00
0,2020-01-30 14:13,02:00,Cleveland Cavaliers,Toronto Raptors,5.27,1.19,5.31,1.15,5.20,1.19,5.00,1.18,4.90,1.20,5.20,1.19
1,2020-01-30 14:13,02:00,Washington Wizards,Charlotte Hornets,1.59,2.51,1.55,2.41,1.57,2.50,1.57,2.40,1.58,2.45,1.57,2.52
2,2020-01-30 14:13,02:30,Atlanta Hawks,Philadelphia 76ers,3.68,1.32,3.61,1.28,3.75,1.31,,,3.85,1.28,,
3,2020-01-30 14:13,03:00,Boston Celtics,Golden State Warriors,1.16,6.10,1.08,7.68,1.11,7.55,,,1.10,6.50,1.09,7.40
4,2020-01-30 14:13,05:30,Los Angeles Clippers,Sacramento Kings,1.16,6.10,1.09,7.01,1.11,7.00,,,1.14,6.40,1.10,6.90
5,2020-01-30 14:13,05:30,Denver Nuggets,Utah Jazz,1.84,2.06,1.80,1.98,1.83,2.05,,,1.84,2.02,1.80,2.00
0,2020-01-30 14:28,02:00,Cleveland Cavaliers,Toronto Raptors,5.27,1.19,5.31,1.15,5.20,1.19,5.00,1.18,5.10,1.19,5.20,1.19
1,2020-01-30 14:28,02:00,Washington Wizards,Charlotte Hornets,1.59,2.51,1.55,2.41,1.57,2.55,1.57,2.40,1.58,2.45,1.57,2.55
2,2020-01-30 14:28,02:30,Atlanta Hawks,Philadelphia 76ers,3.68,1.32,3.61,1.28,3.75,1.31,,,3.55,1.32,,
3,2020-01-30 14:28,03:00,Boston Celtics,Golden State Warriors,1.16,6.10,1.08,7.68,1.11,7.55,,,1.10,8.00,1.09,7.40
4,2020-01-30 14:28,05:30,Los Angeles Clippers,Sacramento Kings,1.16,6.10,1.09,7.01,1.11,7.00,,,1.14,6.40,1.10,6.90
5,2020-01-30 14:28,05:30,Denver Nuggets,Utah Jazz,1.84,2.06,1.80,1.98,1.83,2.05,,,1.84,2.02,1.80,2.00
0,2020-01-30 14:40,02:00,Cleveland Cavaliers,Toronto Raptors,5.27,1.19,5.31,1.15,5.20,1.19,5.00,1.18,5.10,1.19,5.20,1.19
1,2020-01-30 14:40,02:00,Washington Wizards,Charlotte Hornets,1.59,2.51,1.54,2.43,1.57,2.55,1.57,2.40,1.58,2.45,1.57,2.55
2,2020-01-30 14:40,02:30,Atlanta Hawks,Philadelphia 76ers,3.68,1.32,3.61,1.28,3.75,1.31,3.45,1.30,3.55,1.32,,
3,2020-01-30 14:40,03:00,Boston Celtics,Golden State Warriors,1.16,6.10,1.08,7.68,1.11,7.55,1.11,7.00,1.10,8.00,1.09,7.40
4,2020-01-30 14:40,05:30,Los Angeles Clippers,Sacramento Kings,1.16,6.10,1.09,7.01,1.11,7.00,1.11,7.00,1.14,6.40,1.10,6.90
5,2020-01-30 14:40,05:30,Denver Nuggets,Utah Jazz,1.84,2.06,1.80,1.98,1.83,2.05,1.78,2.07,1.84,2.02,1.80,2.00
0,2020-01-30 14:48,02:00,Cleveland Cavaliers,Toronto Raptors,5.27,1.19,5.31,1.15,5.25,1.19,,,5.10,1.19,5.20,1.18
1,2020-01-30 14:48,02:00,Washington Wizards,Charlotte Hornets,1.59,2.51,1.54,2.43,1.55,2.55,,,1.58,2.45,1.55,2.60
2,2020-01-30 14:48,02:30,Atlanta Hawks,Philadelphia 76ers,3.68,1.32,3.61,1.28,3.75,1.31,,,3.55,1.32,,
3,2020-01-30 14:48,03:00,Boston Celtics,Golden State Warriors,1.16,6.10,1.08,7.68,1.11,7.55,,,1.10,8.00,1.09,7.40
4,2020-01-30 14:48,05:30,Los Angeles Clippers,Sacramento Kings,1.16,6.10,1.09,7.01,1.11,7.00,,,1.14,6.40,1.10,6.90
5,2020-01-30 14:48,05:30,Denver Nuggets,Utah Jazz,1.84,2.06,1.80,1.98,1.83,2.05,,,1.84,2.02,1.80,2.00
0,2020-01-30 14:56,02:00,Cleveland Cavaliers,Toronto Raptors,5.27,1.19,5.42,1.14,5.25,1.19,,,5.10,1.19,5.20,1.18
1,2020-01-30 14:56,02:00,Washington Wizards,Charlotte Hornets,1.59,2.51,1.53,2.46,1.55,2.60,,,1.58,2.45,1.55,2.60
2,2020-01-30 14:56,02:30,Atlanta Hawks,Philadelphia 76ers,3.68,1.32,3.61,1.28,3.75,1.31,,,3.55,1.32,,
3,2020-01-30 14:56,03:00,Boston Celtics,Golden State Warriors,1.16,6.10,1.07,7.79,1.11,7.55,,,1.10,8.00,1.09,7.40
4,2020-01-30 14:56,05:30,Los Angeles Clippers,Sacramento Kings,1.16,6.10,1.09,6.92,1.11,7.00,,,1.14,6.40,1.10,6.90
5,2020-01-30 14:56,05:30,Denver Nuggets,Utah Jazz,1.84,2.06,1.80,1.98,1.83,2.05,,,1.84,2.02,1.80,2.00
0,2020-01-30 15:08,02:00,Cleveland Cavaliers,Toronto Raptors,5.27,1.19,5.42,1.14,5.30,1.19,5.20,1.17,5.10,1.19,5.25,1.18
1,2020-01-30 15:08,02:00,Washington Wizards,Charlotte Hornets,1.59,2.51,1.52,2.47,1.55,2.60,1.53,2.45,1.58,2.45,1.55,2.60
2,2020-01-30 15:08,02:30,Atlanta Hawks,Philadelphia 76ers,3.68,1.32,3.63,1.27,3.75,1.31,3.45,1.30,3.55,1.32,,
3,2020-01-30 15:08,03:00,Boston Celtics,Golden State Warriors,1.16,6.10,1.07,7.79,1.11,7.55,1.11,7.00,1.10,8.00,1.09,7.40
4,2020-01-30 15:08,05:30,Los Angeles Clippers,Sacramento Kings,1.16,6.10,1.09,7.19,1.11,7.00,1.11,7.00,1.14,6.40,1.10,6.90
5,2020-01-30 15:08,05:30,Denver Nuggets,Utah Jazz,1.84,2.06,1.80,1.98,1.83,2.05,1.78,2.07,1.84,2.02,1.80,2.00
0,2020-01-30 15:16,02:00,Cleveland Cavaliers,Toronto Raptors,5.27,1.19,5.42,1.14,5.30,1.19,5.20,1.17,5.10,1.19,5.25,1.18
1,2020-01-30 15:16,02:00,Washington Wizards,Charlotte Hornets,1.59,2.51,1.52,2.47,1.55,2.60,1.53,2.45,1.58,2.45,1.55,2.60
2,2020-01-30 15:16,02:30,Atlanta Hawks,Philadelphia 76ers,3.68,1.32,3.58,1.28,3.75,1.31,3.45,1.30,3.55,1.32,,
3,2020-01-30 15:16,03:00,Boston Celtics,Golden State Warriors,1.16,6.10,1.07,7.79,1.11,7.55,1.11,7.00,1.10,8.00,1.09,7.40
4,2020-01-30 15:16,05:30,Los Angeles Clippers,Sacramento Kings,1.16,6.10,1.09,7.19,1.11,7.00,,,1.14,6.40,1.10,6.90
5,2020-01-30 15:16,05:30,Denver Nuggets,Utah Jazz,1.84,2.06,1.80,1.98,1.83,2.05,,,1.84,2.02,1.80,2.00
0,2020-01-30 15:24,02:00,Cleveland Cavaliers,Toronto Raptors,5.27,1.19,5.42,1.14,5.30,1.19,5.20,1.17,5.10,1.19,5.25,1.18
1,2020-01-30 15:24,02:00,Washington Wizards,Charlotte Hornets,1.59,2.51,1.52,2.47,1.55,2.60,1.53,2.45,1.58,2.45,1.55,2.60
2,2020-01-30 15:24,02:30,Atlanta Hawks,Philadelphia 76ers,3.68,1.32,3.58,1.28,3.75,1.31,3.45,1.30,3.55,1.32,,
3,2020-01-30 15:24,03:00,Boston Celtics,Golden State Warriors,1.16,6.10,1.07,7.79,1.11,7.55,1.11,7.00,1.10,8.00,1.09,7.40
4,2020-01-30 15:24,05:30,Los Angeles Clippers,Sacramento Kings,1.16,6.10,1.09,7.19,1.11,7.00,1.11,7.00,1.14,6.40,1.10,6.90
5,2020-01-30 15:24,05:30,Denver Nuggets,Utah Jazz,1.84,2.06,1.80,1.98,1.83,2.05,1.78,2.07,1.84,2.02,1.80,2.00
0,2020-01-30 15:32,02:00,Cleveland Cavaliers,Toronto Raptors,5.27,1.19,5.42,1.14,5.30,1.19,,,5.10,1.19,5.25,1.18
1,2020-01-30 15:32,02:00,Washington Wizards,Charlotte Hornets,1.59,2.51,1.52,2.47,1.55,2.60,,,1.58,2.45,1.55,2.60
2,2020-01-30 15:32,02:30,Atlanta Hawks,Philadelphia 76ers,3.68,1.32,3.58,1.28,3.75,1.31,,,3.55,1.32,,
3,2020-01-30 15:32,03:00,Boston Celtics,Golden State Warriors,1.16,6.10,1.08,7.68,1.11,7.55,,,1.10,8.00,1.09,7.40
4,2020-01-30 15:32,05:30,Los Angeles Clippers,Sacramento Kings,1.16,6.10,1.08,7.35,1.11,7.00,,,1.14,6.40,1.10,6.90
5,2020-01-30 15:32,05:30,Denver Nuggets,Utah Jazz,1.84,2.06,1.80,1.98,1.83,2.05,,,1.84,2.02,1.80,2.00
0,2020-01-30 15:40,02:00,Cleveland Cavaliers,Toronto Raptors,5.27,1.19,5.42,1.14,5.30,1.19,,,5.10,1.19,5.25,1.18
1,2020-01-30 15:40,02:00,Washington Wizards,Charlotte Hornets,1.59,2.51,1.52,2.47,1.55,2.60,,,1.58,2.45,1.55,2.60
2,2020-01-30 15:40,02:30,Atlanta Hawks,Philadelphia 76ers,3.68,1.32,3.41,1.30,3.50,1.34,,,3.55,1.32,,
3,2020-01-30 15:40,03:00,Boston Celtics,Golden State Warriors,1.16,6.10,1.07,7.79,1.11,7.55,,,1.10,8.00,1.09,7.40
4,2020-01-30 15:40,05:30,Los Angeles Clippers,Sacramento Kings,1.16,6.10,1.09,7.19,1.11,7.00,,,1.14,6.40,1.10,6.90
5,2020-01-30 15:40,05:30,Denver Nuggets,Utah Jazz,1.84,2.06,1.76,2.03,1.83,2.05,,,1.84,2.02,1.80,2.00
0,2020-01-30 15:48,02:00,Cleveland Cavaliers,Toronto Raptors,5.27,1.19,5.42,1.14,5.30,1.19,,,5.10,1.19,5.25,1.18
1,2020-01-30 15:48,02:00,Washington Wizards,Charlotte Hornets,1.59,2.51,1.52,2.47,1.55,2.60,,,1.58,2.45,1.55,2.60
2,2020-01-30 15:48,02:30,Atlanta Hawks,Philadelphia 76ers,3.68,1.32,3.41,1.30,3.50,1.34,,,3.55,1.32,,
3,2020-01-30 15:48,03:00,Boston Celtics,Golden State Warriors,1.16,6.10,1.07,7.79,1.11,7.55,,,1.10,8.00,1.09,7.40
4,2020-01-30 15:48,05:30,Los Angeles Clippers,Sacramento Kings,1.16,6.10,1.09,7.19,1.11,7.00,,,1.14,6.40,1.10,6.90
5,2020-01-30 15:48,05:30,Denver Nuggets,Utah Jazz,1.84,2.06,1.76,2.03,1.83,2.05,,,1.84,2.02,1.80,2.00
0,2020-01-30 16:13,02:00,Cleveland Cavaliers,Toronto Raptors,5.27,1.19,5.42,1.14,5.30,1.19,5.20,1.17,5.10,1.19,5.25,1.18
1,2020-01-30 16:13,02:00,Washington Wizards,Charlotte Hornets,1.59,2.51,1.52,2.47,1.55,2.60,1.53,2.45,1.58,2.45,1.55,2.60
2,2020-01-30 16:13,02:30,Atlanta Hawks,Philadelphia 76ers,3.68,1.32,3.41,1.30,3.45,1.35,3.25,1.33,3.55,1.32,,
3,2020-01-30 16:13,03:00,Boston Celtics,Golden State Warriors,1.16,6.10,1.08,7.61,1.11,7.55,1.09,8.00,1.10,8.00,1.09,7.40
4,2020-01-30 16:13,05:30,Los Angeles Clippers,Sacramento Kings,1.16,6.10,1.09,7.19,1.11,7.00,,,1.14,6.40,1.10,6.90
5,2020-01-30 16:13,05:30,Denver Nuggets,Utah Jazz,1.84,2.06,1.76,2.03,1.83,2.05,,,1.84,2.02,1.83,2.10
0,2020-01-30 16:14,02:00,Cleveland Cavaliers,Toronto Raptors,5.27,1.19,5.42,1.14,5.30,1.19,,,5.10,1.19,5.25,1.18
1,2020-01-30 16:14,02:00,Washington Wizards,Charlotte Hornets,1.59,2.51,1.52,2.47,1.55,2.60,1.53,2.45,1.58,2.45,1.55,2.60
2,2020-01-30 16:14,02:30,Atlanta Hawks,Philadelphia 76ers,3.68,1.32,3.41,1.30,3.45,1.35,,,3.55,1.32,,
3,2020-01-30 16:14,03:00,Boston Celtics,Golden State Warriors,1.16,6.10,1.08,7.61,1.11,7.55,,,1.10,8.00,1.09,7.40
4,2020-01-30 16:14,05:30,Los Angeles Clippers,Sacramento Kings,1.16,6.10,1.09,7.19,1.11,7.00,,,1.14,6.40,1.10,6.90
5,2020-01-30 16:14,05:30,Denver Nuggets,Utah Jazz,1.84,2.06,1.76,2.03,1.83,2.05,,,1.84,2.02,1.83,2.10
0,2020-01-30 16:16,02:00,Cleveland Cavaliers,Toronto Raptors,5.27,1.19,5.42,1.14,5.30,1.19,5.20,1.17,5.10,1.19,5.25,1.18
1,2020-01-30 16:16,02:00,Washington Wizards,Charlotte Hornets,1.59,2.51,1.52,2.47,1.55,2.60,1.53,2.45,1.58,2.45,1.55,2.60
2,2020-01-30 16:16,02:30,Atlanta Hawks,Philadelphia 76ers,3.68,1.32,3.41,1.30,3.45,1.35,3.25,1.33,3.55,1.32,,
3,2020-01-30 16:16,03:00,Boston Celtics,Golden State Warriors,1.16,6.10,1.08,7.61,1.11,7.55,1.09,8.00,1.10,8.00,1.09,7.40
4,2020-01-30 16:16,05:30,Los Angeles Clippers,Sacramento Kings,1.16,6.10,1.09,7.19,1.11,7.00,1.08,8.50,1.14,6.40,1.10,6.90
5,2020-01-30 16:16,05:30,Denver Nuggets,Utah Jazz,1.84,2.06,1.76,2.03,1.82,2.10,1.80,2.05,1.84,2.02,1.83,2.10
0,2020-01-30 16:24,02:00,Cleveland Cavaliers,Toronto Raptors,5.27,1.19,5.42,1.14,5.30,1.19,,,5.10,1.19,5.25,1.18
1,2020-01-30 16:24,02:00,Washington Wizards,Charlotte Hornets,1.59,2.51,1.52,2.47,1.55,2.60,,,1.58,2.45,1.55,2.60
2,2020-01-30 16:24,02:30,Atlanta Hawks,Philadelphia 76ers,3.68,1.32,3.35,1.31,3.45,1.35,,,3.55,1.32,,
3,2020-01-30 16:24,03:00,Boston Celtics,Golden State Warriors,1.16,6.10,1.07,7.88,1.11,7.55,,,1.10,8.00,1.09,7.40
4,2020-01-30 16:24,05:30,Los Angeles Clippers,Sacramento Kings,1.16,6.10,1.07,7.85,1.11,7.00,,,1.08,9.50,1.10,6.90
5,2020-01-30 16:24,05:30,Denver Nuggets,Utah Jazz,1.84,2.06,1.76,2.03,1.82,2.10,,,1.84,2.02,1.83,2.10
0,2020-01-30 16:32,02:00,Cleveland Cavaliers,Toronto Raptors,5.27,1.19,5.42,1.14,5.30,1.19,5.20,1.17,5.10,1.19,5.25,1.18
1,2020-01-30 16:32,02:00,Washington Wizards,Charlotte Hornets,1.59,2.51,1.52,2.47,1.55,2.60,1.53,2.45,1.58,2.45,1.57,2.55
2,2020-01-30 16:32,02:30,Atlanta Hawks,Philadelphia 76ers,3.68,1.32,3.35,1.31,3.45,1.35,,,3.55,1.32,,
3,2020-01-30 16:32,03:00,Boston Celtics,Golden State Warriors,1.16,6.10,1.07,7.74,1.11,7.55,,,1.10,8.00,1.09,7.40
4,2020-01-30 16:32,05:30,Los Angeles Clippers,Sacramento Kings,1.16,6.10,1.06,8.26,1.11,7.00,,,1.08,9.50,1.10,6.90
5,2020-01-30 16:32,05:30,Denver Nuggets,Utah Jazz,1.84,2.06,1.76,2.03,1.82,2.10,,,1.84,2.02,1.83,2.10
0,2020-01-30 16:48,02:00,Cleveland Cavaliers,Toronto Raptors,5.27,1.19,5.42,1.14,5.30,1.19,,,5.10,1.19,5.20,1.19
1,2020-01-30 16:48,02:00,Washington Wizards,Charlotte Hornets,1.59,2.51,1.53,2.45,1.55,2.55,,,1.58,2.45,1.57,2.55
2,2020-01-30 16:48,02:30,Atlanta Hawks,Philadelphia 76ers,3.35,1.35,3.35,1.31,3.45,1.35,,,3.55,1.32,,
3,2020-01-30 16:48,03:00,Boston Celtics,Golden State Warriors,1.16,6.10,1.08,7.62,1.11,7.45,,,1.10,8.00,1.11,7.40
4,2020-01-30 16:48,05:30,Los Angeles Clippers,Sacramento Kings,1.16,6.10,1.06,8.81,1.10,8.45,,,1.08,9.50,1.09,8.40
5,2020-01-30 16:48,05:30,Denver Nuggets,Utah Jazz,1.84,2.06,1.76,2.03,1.82,2.10,,,1.84,2.02,1.83,2.10
0,2020-01-30 16:56,02:00,Cleveland Cavaliers,Toronto Raptors,5.27,1.19,5.46,1.14,5.20,1.19,5.20,1.17,5.10,1.19,5.20,1.19
1,2020-01-30 16:56,02:00,Washington Wizards,Charlotte Hornets,1.59,2.51,1.53,2.45,1.55,2.55,1.53,2.45,1.58,2.45,1.57,2.55
2,2020-01-30 16:56,02:30,Atlanta Hawks,Philadelphia 76ers,3.35,1.35,3.35,1.31,3.45,1.35,3.25,1.33,3.55,1.32,,
3,2020-01-30 16:56,03:00,Boston Celtics,Golden State Warriors,1.16,6.10,1.08,7.62,,,1.12,6.50,1.10,8.00,,
4,2020-01-30 16:56,05:30,Los Angeles Clippers,Sacramento Kings,1.16,6.10,1.06,8.76,1.10,8.45,1.09,8.00,1.08,9.50,1.09,8.40
5,2020-01-30 16:56,05:30,Denver Nuggets,Utah Jazz,1.84,2.06,1.76,2.03,1.82,2.10,1.80,2.05,1.84,2.02,1.83,2.10
0,2020-01-30 17:40,02:00,Cleveland Cavaliers,Toronto Raptors,5.27,1.19,5.42,1.14,5.20,1.19,5.00,1.18,5.10,1.19,5.20,1.19
1,2020-01-30 17:40,02:00,Washington Wizards,Charlotte Hornets,1.59,2.51,1.53,2.45,1.57,2.50,1.53,2.45,1.58,2.45,1.57,2.52
2,2020-01-30 17:40,02:30,Atlanta Hawks,Philadelphia 76ers,3.35,1.35,3.35,1.31,3.45,1.35,3.25,1.33,3.35,1.35,,
3,2020-01-30 17:40,03:00,Boston Celtics,Golden State Warriors,1.12,6.82,1.07,7.81,1.11,7.50,1.11,7.00,1.11,7.50,1.11,7.50
4,2020-01-30 17:40,05:30,Los Angeles Clippers,Sacramento Kings,1.16,6.10,1.06,8.83,1.10,8.45,1.09,8.00,1.09,8.50,1.09,8.40
5,2020-01-30 17:40,05:30,Denver Nuggets,Utah Jazz,1.84,2.06,1.80,1.98,1.85,2.05,1.83,2.02,1.83,2.02,1.85,2.05
0,2020-01-30 17:48,02:00,Cleveland Cavaliers,Toronto Raptors,5.27,1.19,5.42,1.14,5.25,1.19,5.00,1.18,5.10,1.19,5.20,1.18
1,2020-01-30 17:48,02:00,Washington Wizards,Charlotte Hornets,1.59,2.51,1.53,2.45,1.57,2.50,1.53,2.45,1.58,2.45,1.57,2.52
2,2020-01-30 17:48,02:30,Atlanta Hawks,Philadelphia 76ers,3.35,1.35,3.35,1.31,3.45,1.35,3.25,1.33,3.35,1.35,,
3,2020-01-30 17:48,03:00,Boston Celtics,Golden State Warriors,1.12,6.82,1.07,7.81,1.11,7.50,1.11,7.00,1.11,7.50,1.11,7.50
4,2020-01-30 17:48,05:30,Los Angeles Clippers,Sacramento Kings,1.10,7.50,1.06,8.83,1.10,8.45,1.09,8.00,1.09,8.50,1.09,8.40
5,2020-01-30 17:48,05:30,Denver Nuggets,Utah Jazz,1.84,2.06,1.80,1.98,1.87,2.00,1.83,2.02,1.83,2.02,1.87,2.02
0,2020-01-30 17:56,02:00,Cleveland Cavaliers,Toronto Raptors,5.27,1.19,5.42,1.14,5.25,1.19,5.00,1.18,5.10,1.19,5.25,1.18
1,2020-01-30 17:56,02:00,Washington Wizards,Charlotte Hornets,1.59,2.51,1.54,2.44,1.60,2.50,1.57,2.40,1.58,2.45,1.60,2.50
2,2020-01-30 17:56,02:30,Atlanta Hawks,Philadelphia 76ers,3.35,1.35,3.35,1.31,3.45,1.35,3.25,1.33,3.35,1.35,,
3,2020-01-30 17:56,03:00,Boston Celtics,Golden State Warriors,1.12,6.82,1.07,7.81,1.11,7.55,1.11,7.00,1.11,7.50,1.11,7.55
4,2020-01-30 17:56,05:30,Los Angeles Clippers,Sacramento Kings,1.10,7.50,1.06,8.83,1.10,8.45,1.09,8.00,1.09,8.50,1.09,8.40
5,2020-01-30 17:56,05:30,Denver Nuggets,Utah Jazz,1.84,2.06,1.80,1.98,1.87,2.00,1.83,2.02,1.83,2.02,1.87,2.02
0,2020-01-30 18:00,02:00,Cleveland Cavaliers,Toronto Raptors,5.27,1.19,5.42,1.14,5.25,1.19,,,5.10,1.19,5.20,1.18
1,2020-01-30 18:00,02:00,Washington Wizards,Charlotte Hornets,1.59,2.51,1.54,2.44,1.60,2.50,,,1.58,2.45,1.60,2.50
2,2020-01-30 18:00,02:30,Atlanta Hawks,Philadelphia 76ers,3.35,1.35,3.35,1.31,3.45,1.35,,,3.35,1.35,,
3,2020-01-30 18:00,03:00,Boston Celtics,Golden State Warriors,1.12,6.82,1.07,7.81,1.11,7.55,,,1.11,7.50,1.11,7.55
4,2020-01-30 18:00,05:30,Los Angeles Clippers,Sacramento Kings,1.10,7.50,1.06,8.83,1.10,8.45,,,1.09,8.50,1.09,8.40
5,2020-01-30 18:00,05:30,Denver Nuggets,Utah Jazz,1.84,2.06,1.80,1.98,1.87,2.00,,,1.83,2.02,1.87,2.02
0,2020-01-30 18:08,02:00,Cleveland Cavaliers,Toronto Raptors,5.27,1.19,5.42,1.14,5.25,1.19,5.00,1.18,5.10,1.19,5.20,1.18
1,2020-01-30 18:08,02:00,Washington Wizards,Charlotte Hornets,1.59,2.51,1.54,2.44,1.60,2.50,1.57,2.40,1.58,2.45,1.60,2.50
2,2020-01-30 18:08,02:30,Atlanta Hawks,Philadelphia 76ers,3.35,1.35,3.35,1.31,,,3.25,1.33,3.35,1.35,,
3,2020-01-30 18:08,03:00,Boston Celtics,Golden State Warriors,1.12,6.82,1.07,7.81,1.11,7.50,1.11,7.00,1.11,7.50,1.11,7.50
4,2020-01-30 18:08,05:30,Los Angeles Clippers,Sacramento Kings,1.10,7.50,1.06,8.83,1.10,8.45,,,1.09,8.50,1.09,8.40
5,2020-01-30 18:08,05:30,Denver Nuggets,Utah Jazz,1.84,2.06,1.80,1.98,1.87,2.00,,,1.83,2.02,1.87,2.02
0,2020-01-30 18:16,02:00,Cleveland Cavaliers,Toronto Raptors,5.27,1.19,5.42,1.14,5.30,1.19,,,5.10,1.19,5.25,1.18
1,2020-01-30 18:16,02:00,Washington Wizards,Charlotte Hornets,1.59,2.51,1.56,2.38,1.60,2.50,,,1.58,2.45,1.60,2.50
2,2020-01-30 18:16,02:30,Atlanta Hawks,Philadelphia 76ers,3.35,1.35,3.35,1.31,3.35,1.37,,,3.25,1.37,,
3,2020-01-30 18:16,03:00,Boston Celtics,Golden State Warriors,1.12,6.82,1.07,7.87,1.11,7.50,,,1.11,7.50,1.11,7.50
4,2020-01-30 18:16,05:30,Los Angeles Clippers,Sacramento Kings,1.10,7.50,1.06,8.83,1.10,8.45,,,1.09,8.50,1.09,8.40
5,2020-01-30 18:16,05:30,Denver Nuggets,Utah Jazz,1.84,2.06,1.81,1.97,1.87,2.00,,,1.83,2.02,1.87,2.02
0,2020-01-30 18:24,02:00,Cleveland Cavaliers,Toronto Raptors,5.27,1.19,5.42,1.14,5.30,1.19,,,5.10,1.19,5.25,1.18
1,2020-01-30 18:24,02:00,Washington Wizards,Charlotte Hornets,1.59,2.51,1.56,2.38,1.60,2.50,,,1.58,2.45,1.60,2.50
2,2020-01-30 18:24,02:30,Atlanta Hawks,Philadelphia 76ers,3.35,1.35,3.33,1.32,3.35,1.37,,,3.35,1.35,,
3,2020-01-30 18:24,03:00,Boston Celtics,Golden State Warriors,1.12,6.82,1.07,7.82,1.11,7.55,,,1.11,7.50,1.11,7.55
4,2020-01-30 18:24,05:30,Los Angeles Clippers,Sacramento Kings,1.10,7.50,1.06,8.83,1.10,8.45,,,1.09,8.50,1.09,8.40
5,2020-01-30 18:24,05:30,Denver Nuggets,Utah Jazz,1.84,2.06,1.81,1.97,1.87,2.00,,,1.83,2.02,1.87,2.02
0,2020-01-30 20:08,02:00,Cleveland Cavaliers,Toronto Raptors,5.27,1.19,5.42,1.14,5.30,1.19,,,5.40,1.18,5.25,1.18
1,2020-01-30 20:08,02:00,Washington Wizards,Charlotte Hornets,1.59,2.51,1.55,2.42,1.57,2.55,,,1.58,2.45,1.57,2.55
2,2020-01-30 20:08,02:30,Atlanta Hawks,Philadelphia 76ers,3.35,1.35,3.25,1.33,3.40,1.36,,,3.35,1.35,,
3,2020-01-30 20:08,03:00,Boston Celtics,Golden State Warriors,1.12,6.82,1.06,8.41,1.09,8.55,,,1.10,8.00,1.09,8.50
4,2020-01-30 20:08,05:30,Los Angeles Clippers,Sacramento Kings,1.10,7.50,1.06,8.67,1.10,8.35,,,1.09,8.50,1.09,8.30
5,2020-01-30 20:08,05:30,Denver Nuggets,Utah Jazz,1.84,2.06,1.84,1.94,1.90,1.97,,,1.83,2.02,1.92,1.97
0,2020-01-30 20:16,02:00,Cleveland Cavaliers,Toronto Raptors,5.27,1.19,5.42,1.14,5.30,1.19,,,5.40,1.18,5.25,1.18
1,2020-01-30 20:16,02:00,Washington Wizards,Charlotte Hornets,1.59,2.51,1.55,2.42,1.57,2.55,,,1.58,2.45,1.57,2.55
2,2020-01-30 20:16,02:30,Atlanta Hawks,Philadelphia 76ers,3.35,1.35,3.25,1.33,3.40,1.36,,,3.35,1.35,,
3,2020-01-30 20:16,03:00,Boston Celtics,Golden State Warriors,1.12,6.82,1.05,8.98,1.09,8.55,,,1.10,8.00,1.09,8.50
4,2020-01-30 20:16,05:30,Los Angeles Clippers,Sacramento Kings,1.10,7.50,1.06,8.67,1.10,8.35,,,1.09,8.50,1.09,8.35
5,2020-01-30 20:16,05:30,Denver Nuggets,Utah Jazz,1.84,2.06,1.84,1.94,1.90,1.97,,,1.89,1.96,1.93,1.97
0,2020-01-30 20:24,02:00,Cleveland Cavaliers,Toronto Raptors,5.27,1.19,5.42,1.14,5.30,1.19,5.00,1.18,5.40,1.18,5.25,1.18
1,2020-01-30 20:24,02:00,Washington Wizards,Charlotte Hornets,1.59,2.51,1.55,2.42,1.57,2.55,1.57,2.40,1.58,2.45,1.57,2.55
2,2020-01-30 20:24,02:30,Atlanta Hawks,Philadelphia 76ers,3.35,1.35,3.27,1.33,3.40,1.36,,,3.35,1.35,,
3,2020-01-30 20:24,03:00,Boston Celtics,Golden State Warriors,1.12,6.82,1.05,8.97,1.10,8.00,,,1.10,8.00,1.10,7.90
4,2020-01-30 20:24,05:30,Los Angeles Clippers,Sacramento Kings,1.10,7.50,1.06,8.67,1.10,8.40,,,1.09,8.50,1.09,8.35
5,2020-01-30 20:24,05:30,Denver Nuggets,Utah Jazz,1.84,2.06,1.85,1.92,1.90,2.00,,,1.89,1.96,1.90,2.02
0,2020-01-30 20:32,02:00,Cleveland Cavaliers,Toronto Raptors,5.27,1.19,5.42,1.14,5.20,1.19,5.00,1.18,5.40,1.18,5.20,1.19
1,2020-01-30 20:32,02:00,Washington Wizards,Charlotte Hornets,1.59,2.51,1.55,2.42,1.57,2.55,1.57,2.40,1.58,2.45,1.57,2.55
2,2020-01-30 20:32,02:30,Atlanta Hawks,Philadelphia 76ers,3.35,1.35,3.27,1.33,3.40,1.36,3.25,1.33,3.35,1.35,,
3,2020-01-30 20:32,03:00,Boston Celtics,Golden State Warriors,1.12,6.82,1.06,8.80,1.10,8.00,,,1.10,8.00,1.10,7.90
4,2020-01-30 20:32,05:30,Los Angeles Clippers,Sacramento Kings,1.10,7.50,1.06,8.67,1.10,8.40,,,1.09,8.50,1.09,8.35
5,2020-01-30 20:32,05:30,Denver Nuggets,Utah Jazz,1.84,2.06,1.83,1.95,1.87,2.00,1.88,1.96,1.89,1.96,1.90,2.02
0,2020-01-30 20:48,02:00,Cleveland Cavaliers,Toronto Raptors,5.27,1.19,5.37,1.14,5.15,1.19,5.00,1.18,5.40,1.18,5.15,1.19
1,2020-01-30 20:48,02:00,Washington Wizards,Charlotte Hornets,1.59,2.51,1.55,2.42,1.57,2.55,1.55,2.42,1.58,2.45,1.57,2.55
2,2020-01-30 20:48,02:30,Atlanta Hawks,Philadelphia 76ers,3.35,1.35,3.27,1.33,3.40,1.36,,,3.35,1.35,,
3,2020-01-30 20:48,03:00,Boston Celtics,Golden State Warriors,1.12,6.82,1.06,8.76,1.10,8.00,,,1.10,8.00,1.10,7.90
4,2020-01-30 20:48,05:30,Los Angeles Clippers,Sacramento Kings,1.10,7.50,1.06,8.67,1.10,8.40,,,1.09,8.50,1.09,8.35
5,2020-01-30 20:48,05:30,Denver Nuggets,Utah Jazz,1.84,2.06,1.83,1.95,1.90,2.00,,,1.89,1.96,1.90,2.00
0,2020-01-30 20:56,02:00,Cleveland Cavaliers,Toronto Raptors,5.27,1.19,5.37,1.14,5.15,1.19,,,5.40,1.18,5.15,1.19
1,2020-01-30 20:56,02:00,Washington Wizards,Charlotte Hornets,1.59,2.51,1.55,2.42,1.57,2.55,1.55,2.42,1.58,2.45,1.57,2.55
2,2020-01-30 20:56,02:30,Atlanta Hawks,Philadelphia 76ers,3.35,1.35,3.27,1.33,3.40,1.36,,,3.35,1.35,,
3,2020-01-30 20:56,03:00,Boston Celtics,Golden State Warriors,1.12,6.82,1.06,8.76,1.10,8.00,,,1.10,8.00,1.10,7.90
4,2020-01-30 20:56,05:30,Los Angeles Clippers,Sacramento Kings,1.10,7.50,1.06,8.67,1.10,8.40,,,1.09,8.50,1.09,8.35
5,2020-01-30 20:56,05:30,Denver Nuggets,Utah Jazz,1.84,2.06,1.84,1.94,1.87,2.00,,,1.89,1.96,1.90,2.02
0,2020-01-30 21:00,02:00,Cleveland Cavaliers,Toronto Raptors,5.27,1.19,5.37,1.14,5.15,1.19,5.00,1.18,5.40,1.18,5.15,1.19
1,2020-01-30 21:00,02:00,Washington Wizards,Charlotte Hornets,1.59,2.51,1.55,2.42,1.57,2.55,1.55,2.42,1.58,2.45,1.57,2.55
2,2020-01-30 21:00,02:30,Atlanta Hawks,Philadelphia 76ers,3.35,1.35,3.27,1.33,3.40,1.36,,,3.35,1.35,,
3,2020-01-30 21:00,03:00,Boston Celtics,Golden State Warriors,1.12,6.82,1.06,8.76,1.10,8.00,,,1.10,8.00,1.10,7.90
4,2020-01-30 21:00,05:30,Los Angeles Clippers,Sacramento Kings,1.10,7.50,1.06,8.67,1.10,8.40,,,1.09,8.50,1.09,8.35
5,2020-01-30 21:00,05:30,Denver Nuggets,Utah Jazz,1.84,2.06,1.84,1.94,1.87,2.00,,,1.89,1.96,1.90,2.00
0,2020-01-30 21:08,02:00,Cleveland Cavaliers,Toronto Raptors,5.27,1.19,5.37,1.14,5.15,1.19,5.00,1.18,5.40,1.18,5.15,1.19
1,2020-01-30 21:08,02:00,Washington Wizards,Charlotte Hornets,1.59,2.51,1.55,2.42,1.57,2.55,1.55,2.42,1.58,2.45,1.57,2.55
2,2020-01-30 21:08,02:30,Atlanta Hawks,Philadelphia 76ers,3.35,1.35,3.27,1.33,3.40,1.36,,,3.35,1.35,,
3,2020-01-30 21:08,03:00,Boston Celtics,Golden State Warriors,1.12,6.82,1.06,8.76,1.10,8.00,,,1.10,8.00,1.10,7.90
4,2020-01-30 21:08,05:30,Los Angeles Clippers,Sacramento Kings,1.10,7.50,1.06,8.67,1.10,8.40,,,1.09,8.50,1.09,8.35
5,2020-01-30 21:08,05:30,Denver Nuggets,Utah Jazz,1.84,2.06,1.84,1.94,1.90,2.00,,,1.89,1.96,1.90,2.00
0,2020-01-30 21:16,02:00,Cleveland Cavaliers,Toronto Raptors,5.27,1.19,5.37,1.14,5.15,1.19,,,5.40,1.18,5.15,1.19
1,2020-01-30 21:16,02:00,Washington Wizards,Charlotte Hornets,1.59,2.51,1.55,2.42,1.57,2.55,,,1.58,2.45,1.57,2.55
2,2020-01-30 21:16,02:30,Atlanta Hawks,Philadelphia 76ers,3.35,1.35,3.27,1.33,3.40,1.36,,,3.35,1.35,,
3,2020-01-30 21:16,03:00,Boston Celtics,Golden State Warriors,1.12,6.82,1.06,8.76,1.10,8.00,,,1.10,8.00,1.10,7.90
4,2020-01-30 21:16,05:30,Los Angeles Clippers,Sacramento Kings,1.10,7.50,1.06,8.67,1.10,8.40,,,1.09,8.50,1.09,8.35
5,2020-01-30 21:16,05:30,Denver Nuggets,Utah Jazz,1.84,2.06,1.84,1.94,1.90,2.00,,,1.89,1.96,1.90,2.00
0,2020-01-30 21:24,02:00,Cleveland Cavaliers,Toronto Raptors,5.27,1.19,5.37,1.14,5.15,1.19,5.00,1.18,5.40,1.18,5.15,1.19
1,2020-01-30 21:24,02:00,Washington Wizards,Charlotte Hornets,1.59,2.51,1.55,2.42,1.57,2.55,1.55,2.42,1.58,2.45,1.57,2.55
2,2020-01-30 21:24,02:30,Atlanta Hawks,Philadelphia 76ers,3.35,1.35,3.27,1.33,3.40,1.36,3.25,1.33,3.35,1.35,,
3,2020-01-30 21:24,03:00,Boston Celtics,Golden State Warriors,1.11,7.65,1.06,8.76,1.10,8.00,1.09,8.00,1.10,8.00,1.10,7.90
4,2020-01-30 21:24,05:30,Los Angeles Clippers,Sacramento Kings,1.10,7.50,1.06,8.67,1.10,8.40,1.09,8.00,1.09,8.50,1.09,8.35
5,2020-01-30 21:24,05:30,Denver Nuggets,Utah Jazz,1.84,2.06,1.84,1.94,1.90,2.00,1.88,1.96,1.89,1.96,1.90,2.00
0,2020-01-30 21:32,02:00,Cleveland Cavaliers,Toronto Raptors,5.27,1.19,5.37,1.14,5.15,1.19,,,5.40,1.18,5.15,1.19
1,2020-01-30 21:32,02:00,Washington Wizards,Charlotte Hornets,1.59,2.51,1.55,2.42,1.57,2.55,,,1.58,2.45,1.57,2.55
2,2020-01-30 21:32,02:30,Atlanta Hawks,Philadelphia 76ers,3.38,1.36,3.27,1.33,3.40,1.36,,,3.35,1.35,,
3,2020-01-30 21:32,03:00,Boston Celtics,Golden State Warriors,1.11,7.65,1.06,8.76,1.10,8.00,,,1.10,8.00,1.10,7.90
4,2020-01-30 21:32,05:30,Los Angeles Clippers,Sacramento Kings,1.10,7.50,1.06,8.67,1.10,8.40,,,1.09,8.50,1.09,8.35
5,2020-01-30 21:32,05:30,Denver Nuggets,Utah Jazz,1.84,2.06,1.84,1.94,1.90,2.00,,,1.89,1.96,1.90,2.00
0,2020-01-30 22:08,02:00,Cleveland Cavaliers,Toronto Raptors,5.27,1.19,5.37,1.14,5.00,1.20,,,5.40,1.18,5.00,1.20
1,2020-01-30 22:08,02:00,Washington Wizards,Charlotte Hornets,1.59,2.51,1.55,2.42,1.57,2.55,,,1.58,2.45,1.57,2.55
2,2020-01-30 22:08,02:30,Atlanta Hawks,Philadelphia 76ers,3.38,1.36,3.27,1.33,3.40,1.36,,,3.30,1.36,,
3,2020-01-30 22:08,03:00,Boston Celtics,Golden State Warriors,1.11,7.65,1.06,8.81,1.10,8.00,,,1.10,8.00,1.10,7.90
4,2020-01-30 22:08,05:30,Los Angeles Clippers,Sacramento Kings,1.10,7.50,1.06,8.73,1.10,8.45,,,1.09,8.50,1.09,8.40
5,2020-01-30 22:08,05:30,Denver Nuggets,Utah Jazz,1.84,2.06,1.84,1.94,1.90,2.00,,,1.89,1.96,1.90,2.00
0,2020-01-30 22:16,02:00,Cleveland Cavaliers,Toronto Raptors,5.27,1.19,5.13,1.16,5.00,1.20,4.80,1.19,5.40,1.18,5.00,1.20
1,2020-01-30 22:16,02:00,Washington Wizards,Charlotte Hornets,1.59,2.51,1.55,2.42,1.57,2.55,1.55,2.42,1.58,2.45,1.57,2.55
2,2020-01-30 22:16,02:30,Atlanta Hawks,Philadelphia 76ers,3.38,1.36,3.27,1.33,3.40,1.36,3.25,1.33,3.30,1.36,,
3,2020-01-30 22:16,03:00,Boston Celtics,Golden State Warriors,1.11,7.65,1.06,8.81,1.10,8.00,1.09,8.00,1.10,8.00,1.10,7.90
4,2020-01-30 22:16,05:30,Los Angeles Clippers,Sacramento Kings,1.10,7.50,1.06,8.73,1.10,8.45,1.09,8.00,1.09,8.50,1.09,8.40
5,2020-01-30 22:16,05:30,Denver Nuggets,Utah Jazz,1.84,2.06,1.84,1.94,1.90,2.00,1.88,1.96,1.89,1.96,1.90,2.00
0,2020-01-30 22:31,02:00,Cleveland Cavaliers,Toronto Raptors,5.27,1.19,5.09,1.16,5.00,1.20,,,5.40,1.18,5.00,1.20
1,2020-01-30 22:31,02:00,Washington Wizards,Charlotte Hornets,1.59,2.51,1.55,2.42,1.57,2.55,,,1.58,2.45,1.57,2.55
2,2020-01-30 22:31,02:30,Atlanta Hawks,Philadelphia 76ers,3.38,1.36,3.27,1.33,3.40,1.36,,,3.30,1.36,,
3,2020-01-30 22:31,03:00,Boston Celtics,Golden State Warriors,1.11,7.65,1.06,8.81,1.10,8.00,,,1.10,8.00,1.10,8.10
4,2020-01-30 22:31,05:30,Los Angeles Clippers,Sacramento Kings,1.10,7.50,1.06,8.73,1.10,8.45,,,1.09,8.50,1.09,8.50
5,2020-01-30 22:31,05:30,Denver Nuggets,Utah Jazz,1.84,2.06,1.84,1.94,1.90,2.00,,,1.89,1.96,1.90,2.00
0,2020-01-30 22:32,02:00,Cleveland Cavaliers,Toronto Raptors,5.27,1.19,5.09,1.16,5.00,1.20,,,5.40,1.18,5.00,1.20
1,2020-01-30 22:32,02:00,Washington Wizards,Charlotte Hornets,1.59,2.51,1.55,2.42,1.57,2.55,,,1.58,2.45,1.57,2.55
2,2020-01-30 22:32,02:30,Atlanta Hawks,Philadelphia 76ers,3.38,1.36,3.27,1.33,3.40,1.36,,,3.30,1.36,,
3,2020-01-30 22:32,03:00,Boston Celtics,Golden State Warriors,1.11,7.65,1.06,8.81,1.10,8.00,,,1.10,8.00,1.10,8.10
4,2020-01-30 22:32,05:30,Los Angeles Clippers,Sacramento Kings,1.10,7.50,1.06,8.73,1.10,8.45,,,1.09,8.50,1.09,8.50
5,2020-01-30 22:32,05:30,Denver Nuggets,Utah Jazz,1.84,2.06,1.84,1.94,1.90,2.00,,,1.89,1.96,1.90,2.00
0,2020-01-30 22:40,02:00,Cleveland Cavaliers,Toronto Raptors,4.73,1.22,5.09,1.16,5.00,1.20,4.80,1.19,5.40,1.18,5.00,1.20
1,2020-01-30 22:40,02:00,Washington Wizards,Charlotte Hornets,1.59,2.51,1.54,2.43,1.57,2.55,1.55,2.42,1.58,2.45,1.57,2.55
2,2020-01-30 22:40,02:30,Atlanta Hawks,Philadelphia 76ers,3.38,1.36,3.21,1.34,3.35,1.36,3.25,1.33,3.30,1.36,,
3,2020-01-30 22:40,03:00,Boston Celtics,Golden State Warriors,1.11,7.65,1.05,9.06,1.10,8.10,1.09,8.00,1.10,8.00,1.10,8.10
4,2020-01-30 22:40,05:30,Los Angeles Clippers,Sacramento Kings,1.10,7.50,1.06,8.85,1.09,8.55,1.09,8.00,1.09,8.50,1.09,8.50
5,2020-01-30 22:40,05:30,Denver Nuggets,Utah Jazz,1.84,2.06,1.84,1.94,1.90,2.00,,,1.89,1.96,1.90,2.00
0,2020-01-30 23:00,02:00,Cleveland Cavaliers,Toronto Raptors,4.73,1.22,5.12,1.16,5.00,1.20,4.80,1.19,5.40,1.18,5.00,1.20
1,2020-01-30 23:00,02:00,Washington Wizards,Charlotte Hornets,1.59,2.51,1.54,2.43,1.55,2.55,1.55,2.42,1.58,2.45,1.57,2.55
2,2020-01-30 23:00,02:30,Atlanta Hawks,Philadelphia 76ers,3.38,1.36,3.21,1.34,3.35,1.36,3.25,1.33,3.30,1.36,,
3,2020-01-30 23:00,03:00,Boston Celtics,Golden State Warriors,1.11,7.65,1.05,9.13,1.10,8.15,,,1.10,8.00,1.10,8.15
4,2020-01-30 23:00,05:30,Los Angeles Clippers,Sacramento Kings,1.10,7.50,1.05,8.94,1.09,8.55,,,1.09,8.50,1.09,8.50
5,2020-01-30 23:00,05:30,Denver Nuggets,Utah Jazz,1.84,2.06,1.84,1.94,1.90,2.00,,,1.89,1.96,,
0,2020-01-30 23:16,02:00,Cleveland Cavaliers,Toronto Raptors,4.73,1.22,5.12,1.16,5.10,1.20,,,5.40,1.18,5.00,1.19
1,2020-01-30 23:16,02:00,Washington Wizards,Charlotte Hornets,1.59,2.51,1.58,2.34,1.60,2.45,1.57,2.40,1.58,2.45,1.60,2.50
2,2020-01-30 23:16,02:30,Atlanta Hawks,Philadelphia 76ers,3.38,1.36,3.21,1.34,3.35,1.36,3.25,1.33,3.30,1.36,,
3,2020-01-30 23:16,03:00,Boston Celtics,Golden State Warriors,1.11,7.65,1.05,9.03,1.10,8.30,1.09,8.00,1.10,8.00,1.09,8.25
4,2020-01-30 23:16,05:30,Los Angeles Clippers,Sacramento Kings,1.10,7.50,1.05,8.94,1.09,8.55,1.09,8.00,1.09,8.50,1.09,8.70
5,2020-01-30 23:16,05:30,Denver Nuggets,Utah Jazz,1.84,2.06,1.84,1.94,1.90,2.00,1.87,1.97,1.89,1.96,1.90,2.00
0,2020-01-30 23:24,02:00,Cleveland Cavaliers,Toronto Raptors,4.73,1.22,5.17,1.15,5.10,1.20,4.80,1.19,5.40,1.18,5.00,1.19
1,2020-01-30 23:24,02:00,Washington Wizards,Charlotte Hornets,1.59,2.51,1.58,2.34,1.60,2.45,1.57,2.40,1.58,2.45,1.60,2.50
2,2020-01-30 23:24,02:30,Atlanta Hawks,Philadelphia 76ers,3.38,1.36,3.21,1.34,3.35,1.36,3.25,1.33,3.30,1.36,,
3,2020-01-30 23:24,03:00,Boston Celtics,Golden State Warriors,1.11,7.65,1.05,9.11,1.10,8.10,1.09,8.00,1.10,8.00,1.10,8.10
4,2020-01-30 23:24,05:30,Los Angeles Clippers,Sacramento Kings,1.10,7.50,1.05,9.15,1.09,8.70,1.09,8.00,1.09,8.50,1.09,8.70
5,2020-01-30 23:24,05:30,Denver Nuggets,Utah Jazz,1.84,2.06,1.85,1.93,1.90,2.00,1.87,1.97,1.89,1.96,1.90,2.00
0,2020-01-30 23:32,02:00,Cleveland Cavaliers,Toronto Raptors,4.73,1.22,5.17,1.15,5.00,1.20,,,5.40,1.18,5.00,1.20
1,2020-01-30 23:32,02:00,Washington Wizards,Charlotte Hornets,1.59,2.51,1.58,2.34,1.60,2.45,,,1.58,2.45,1.60,2.50
2,2020-01-30 23:32,02:30,Atlanta Hawks,Philadelphia 76ers,3.38,1.36,3.21,1.34,3.35,1.36,,,3.30,1.36,,
3,2020-01-30 23:32,03:00,Boston Celtics,Golden State Warriors,1.11,7.65,1.05,8.94,1.10,8.10,,,1.10,8.00,1.10,8.10
4,2020-01-30 23:32,05:30,Los Angeles Clippers,Sacramento Kings,1.10,7.50,1.05,9.19,1.09,8.70,,,1.09,8.50,1.09,8.70
5,2020-01-30 23:32,05:30,Denver Nuggets,Utah Jazz,1.84,2.06,1.85,1.93,1.90,2.00,,,1.89,1.96,1.90,2.00
0,2020-01-30 23:40,02:00,Cleveland Cavaliers,Toronto Raptors,4.73,1.22,5.17,1.15,5.10,1.20,4.80,1.19,5.40,1.18,5.00,1.19
1,2020-01-30 23:40,02:00,Washington Wizards,Charlotte Hornets,1.59,2.51,1.58,2.34,1.60,2.45,1.57,2.40,1.58,2.45,1.60,2.50
2,2020-01-30 23:40,02:30,Atlanta Hawks,Philadelphia 76ers,3.38,1.36,3.21,1.34,3.35,1.37,3.25,1.33,3.30,1.36,,
3,2020-01-30 23:40,03:00,Boston Celtics,Golden State Warriors,1.11,7.65,1.05,8.94,1.10,8.10,1.09,8.00,1.10,8.00,1.10,8.10
4,2020-01-30 23:40,05:30,Los Angeles Clippers,Sacramento Kings,1.10,7.50,1.05,9.19,1.09,8.70,1.09,8.00,1.09,8.50,1.09,8.70
5,2020-01-30 23:40,05:30,Denver Nuggets,Utah Jazz,1.84,2.06,1.85,1.93,1.90,2.00,1.87,1.97,1.89,1.96,1.90,2.00
0,2020-01-30 23:48,02:00,Cleveland Cavaliers,Toronto Raptors,4.73,1.22,5.17,1.15,5.00,1.20,4.80,1.19,5.40,1.18,5.00,1.20
1,2020-01-30 23:48,02:00,Washington Wizards,Charlotte Hornets,1.59,2.51,1.58,2.34,1.60,2.45,1.57,2.40,1.58,2.45,1.60,2.50
2,2020-01-30 23:48,02:30,Atlanta Hawks,Philadelphia 76ers,3.38,1.36,3.21,1.34,3.35,1.37,3.25,1.33,3.30,1.36,,
3,2020-01-30 23:48,03:00,Boston Celtics,Golden State Warriors,1.11,7.65,1.05,8.94,1.10,8.10,,,1.10,8.00,1.10,8.10
4,2020-01-30 23:48,05:30,Los Angeles Clippers,Sacramento Kings,1.10,7.50,1.05,9.19,1.09,8.70,,,1.09,8.50,1.09,8.70
5,2020-01-30 23:48,05:30,Denver Nuggets,Utah Jazz,1.84,2.06,1.85,1.93,1.90,2.00,,,1.89,1.96,1.90,2.00
0,2020-01-30 23:56,02:00,Cleveland Cavaliers,Toronto Raptors,4.73,1.22,5.17,1.15,5.10,1.20,,,5.40,1.18,5.00,1.19
1,2020-01-30 23:56,02:00,Washington Wizards,Charlotte Hornets,1.59,2.51,1.58,2.34,1.60,2.45,,,1.58,2.45,1.60,2.50
2,2020-01-30 23:56,02:30,Atlanta Hawks,Philadelphia 76ers,3.38,1.36,3.21,1.34,3.35,1.37,,,3.05,1.40,,
3,2020-01-30 23:56,03:00,Boston Celtics,Golden State Warriors,1.11,7.65,1.05,8.94,1.10,8.10,,,1.10,8.00,1.10,8.10
4,2020-01-30 23:56,05:30,Los Angeles Clippers,Sacramento Kings,1.10,7.50,1.05,9.19,1.09,8.70,,,1.09,8.50,1.09,8.70
5,2020-01-30 23:56,05:30,Denver Nuggets,Utah Jazz,1.84,2.06,1.85,1.93,1.90,2.00,,,1.89,1.96,1.90,2.00
0,2020-01-31 00:08,02:00,Cleveland Cavaliers,Toronto Raptors,4.73,1.22,5.17,1.15,5.10,1.20,4.80,1.19,5.40,1.18,5.00,1.19
1,2020-01-31 00:08,02:00,Washington Wizards,Charlotte Hornets,1.59,2.51,1.58,2.34,1.60,2.45,1.57,2.40,1.58,2.45,1.60,2.50
2,2020-01-31 00:08,02:30,Atlanta Hawks,Philadelphia 76ers,3.38,1.36,3.21,1.34,3.35,1.37,3.25,1.33,3.05,1.40,,
3,2020-01-31 00:08,03:00,Boston Celtics,Golden State Warriors,1.11,7.65,1.05,8.94,1.10,8.10,1.09,8.00,1.10,8.00,1.10,8.10
4,2020-01-31 00:08,05:30,Los Angeles Clippers,Sacramento Kings,1.10,7.50,1.05,9.19,1.09,8.70,1.09,8.00,1.09,8.50,1.09,8.70
5,2020-01-31 00:08,05:30,Denver Nuggets,Utah Jazz,1.84,2.06,1.85,1.93,1.90,1.97,,,1.89,1.96,1.90,1.97
0,2020-01-31 00:24,02:00,Cleveland Cavaliers,Toronto Raptors,4.73,1.22,5.17,1.15,5.10,1.20,4.80,1.19,5.40,1.18,5.00,1.19
1,2020-01-31 00:24,02:00,Washington Wizards,Charlotte Hornets,1.59,2.51,1.58,2.34,1.60,2.45,1.57,2.40,1.58,2.45,1.60,2.50
2,2020-01-31 00:24,02:30,Atlanta Hawks,Philadelphia 76ers,3.38,1.36,3.19,1.34,3.35,1.37,3.25,1.33,3.05,1.40,,
3,2020-01-31 00:24,03:00,Boston Celtics,Golden State Warriors,1.11,7.65,1.05,8.98,1.10,8.10,1.09,8.00,1.10,8.00,1.10,8.10
4,2020-01-31 00:24,05:30,Los Angeles Clippers,Sacramento Kings,1.10,7.50,1.05,9.24,1.09,8.85,1.09,8.00,1.09,8.50,1.08,8.80
5,2020-01-31 00:24,05:30,Denver Nuggets,Utah Jazz,1.84,2.06,1.85,1.93,1.90,1.97,1.87,1.97,1.89,1.96,1.90,1.97
0,2020-01-31 00:40,02:00,Cleveland Cavaliers,Toronto Raptors,4.73,1.22,5.20,1.15,5.10,1.20,4.80,1.19,5.40,1.18,5.00,1.20
1,2020-01-31 00:40,02:00,Washington Wizards,Charlotte Hornets,1.59,2.51,1.58,2.35,1.60,2.45,1.57,2.40,1.62,2.35,1.60,2.50
2,2020-01-31 00:40,02:30,Atlanta Hawks,Philadelphia 76ers,3.38,1.36,3.19,1.34,3.35,1.37,3.25,1.33,3.05,1.40,,
3,2020-01-31 00:40,03:00,Boston Celtics,Golden State Warriors,1.11,7.65,1.05,8.98,1.09,8.70,1.08,8.50,1.10,8.00,1.09,8.70
4,2020-01-31 00:40,05:30,Los Angeles Clippers,Sacramento Kings,1.10,7.50,1.05,9.24,1.09,8.70,1.09,8.00,1.09,8.50,1.09,8.65
5,2020-01-31 00:40,05:30,Denver Nuggets,Utah Jazz,1.84,2.06,1.97,1.81,2.05,1.83,2.05,1.80,2.02,1.84,2.05,1.85
0,2020-01-31 00:48,02:00,Cleveland Cavaliers,Toronto Raptors,4.73,1.22,5.05,1.16,5.00,1.20,,,5.40,1.18,5.00,1.20
1,2020-01-31 00:48,02:00,Washington Wizards,Charlotte Hornets,1.59,2.51,1.58,2.35,1.60,2.45,,,1.62,2.35,1.60,2.50
2,2020-01-31 00:48,02:30,Atlanta Hawks,Philadelphia 76ers,3.38,1.36,3.19,1.34,3.35,1.37,,,3.05,1.40,,
3,2020-01-31 00:48,03:00,Boston Celtics,Golden State Warriors,1.11,7.65,1.05,9.34,1.09,8.75,,,1.10,8.00,1.09,8.75
4,2020-01-31 00:48,05:30,Los Angeles Clippers,Sacramento Kings,1.10,7.50,1.05,9.19,1.09,8.60,,,1.09,8.50,1.09,8.60
0,2020-01-31 00:56,02:00,Cleveland Cavaliers,Toronto Raptors,4.73,1.22,5.09,1.16,5.10,1.20,4.80,1.19,5.40,1.18,5.00,1.19
1,2020-01-31 00:56,02:00,Washington Wizards,Charlotte Hornets,1.59,2.51,1.58,2.35,1.60,2.50,1.57,2.40,1.62,2.35,1.60,2.50
2,2020-01-31 00:56,02:30,Atlanta Hawks,Philadelphia 76ers,3.38,1.36,3.19,1.34,3.35,1.37,3.25,1.33,3.05,1.40,,
3,2020-01-31 00:56,03:00,Boston Celtics,Golden State Warriors,1.11,7.65,1.05,9.29,1.09,8.70,1.08,8.50,1.10,8.00,1.09,8.70
4,2020-01-31 00:56,05:30,Los Angeles Clippers,Sacramento Kings,1.10,7.50,1.05,9.14,1.09,8.60,1.09,8.00,1.09,8.50,1.09,8.60
0,2020-01-31 01:00,02:00,Cleveland Cavaliers,Toronto Raptors,4.73,1.22,5.09,1.16,5.10,1.20,4.80,1.19,5.40,1.18,5.00,1.19
1,2020-01-31 01:00,02:00,Washington Wizards,Charlotte Hornets,1.59,2.51,1.58,2.35,1.60,2.50,1.57,2.40,1.62,2.35,1.60,2.50
2,2020-01-31 01:00,02:30,Atlanta Hawks,Philadelphia 76ers,3.38,1.36,3.19,1.34,3.35,1.37,,,3.05,1.40,,
3,2020-01-31 01:00,03:00,Boston Celtics,Golden State Warriors,1.11,7.65,1.05,9.29,1.09,8.70,,,1.10,8.00,1.09,8.70
4,2020-01-31 01:00,05:30,Los Angeles Clippers,Sacramento Kings,1.10,7.50,1.05,9.14,1.09,8.60,,,1.09,8.50,1.09,8.60
0,2020-01-31 01:08,02:00,Cleveland Cavaliers,Toronto Raptors,4.73,1.22,5.09,1.16,5.10,1.20,4.80,1.19,5.40,1.18,5.00,1.19
1,2020-01-31 01:08,02:00,Washington Wizards,Charlotte Hornets,1.59,2.51,1.58,2.35,1.60,2.50,1.57,2.40,1.62,2.35,1.60,2.50
2,2020-01-31 01:08,02:30,Atlanta Hawks,Philadelphia 76ers,3.38,1.36,3.19,1.34,3.35,1.36,3.25,1.33,3.05,1.40,,
3,2020-01-31 01:08,03:00,Boston Celtics,Golden State Warriors,1.11,7.65,1.05,9.29,1.09,8.70,,,1.10,8.00,1.09,8.70
4,2020-01-31 01:08,05:30,Los Angeles Clippers,Sacramento Kings,1.10,7.50,1.05,9.14,1.09,8.60,,,1.09,8.50,1.09,8.60
0,2020-01-31 01:16,02:00,Cleveland Cavaliers,Toronto Raptors,4.73,1.22,5.12,1.16,5.00,1.20,4.80,1.19,5.40,1.18,5.25,1.18
1,2020-01-31 01:16,02:00,Washington Wizards,Charlotte Hornets,1.59,2.51,1.58,2.35,1.60,2.50,1.57,2.40,1.62,2.35,1.60,2.50
2,2020-01-31 01:16,02:30,Atlanta Hawks,Philadelphia 76ers,3.38,1.36,3.19,1.34,3.35,1.36,3.25,1.33,3.05,1.40,,
3,2020-01-31 01:16,03:00,Boston Celtics,Golden State Warriors,1.11,7.65,1.05,9.29,1.09,8.75,1.08,8.50,1.10,8.00,1.09,8.70
4,2020-01-31 01:16,05:30,Los Angeles Clippers,Sacramento Kings,1.10,7.50,1.05,9.14,1.09,8.60,1.09,8.00,1.09,8.50,1.09,8.60
0,2020-01-31 01:24,02:00,Cleveland Cavaliers,Toronto Raptors,4.73,1.22,5.35,1.15,5.15,1.20,5.00,1.18,5.40,1.18,5.00,1.19
1,2020-01-31 01:24,02:00,Washington Wizards,Charlotte Hornets,1.59,2.51,1.58,2.35,1.60,2.50,1.57,2.40,1.62,2.35,1.60,2.50
2,2020-01-31 01:24,02:30,Atlanta Hawks,Philadelphia 76ers,3.38,1.36,3.19,1.34,3.35,1.36,3.25,1.33,3.05,1.40,,
3,2020-01-31 01:24,03:00,Boston Celtics,Golden State Warriors,1.11,7.65,1.05,9.34,1.09,8.70,1.08,8.50,1.10,8.00,1.09,8.75
4,2020-01-31 01:24,05:30,Los Angeles Clippers,Sacramento Kings,1.10,7.50,1.05,9.14,1.09,8.60,1.09,8.00,1.09,8.50,1.09,8.60
0,2020-01-31 01:32,02:00,Cleveland Cavaliers,Toronto Raptors,4.73,1.22,5.21,1.15,5.10,1.20,5.00,1.18,5.40,1.18,5.00,1.19
1,2020-01-31 01:32,02:00,Washington Wizards,Charlotte Hornets,1.59,2.51,1.58,2.35,1.60,2.50,1.57,2.40,1.62,2.35,1.60,2.50
2,2020-01-31 01:32,02:30,Atlanta Hawks,Philadelphia 76ers,3.38,1.36,3.19,1.34,3.35,1.37,3.25,1.33,3.05,1.40,,
3,2020-01-31 01:32,03:00,Boston Celtics,Golden State Warriors,1.11,7.65,1.05,8.98,1.09,8.60,1.08,8.50,1.10,8.00,1.09,8.55
4,2020-01-31 01:32,05:30,Los Angeles Clippers,Sacramento Kings,1.10,7.50,1.05,9.14,1.09,8.65,1.09,8.00,1.09,8.50,1.09,8.65
0,2020-01-31 01:40,02:00,Cleveland Cavaliers,Toronto Raptors,4.73,1.22,5.21,1.15,5.10,1.20,5.00,1.18,5.40,1.18,5.10,1.19
1,2020-01-31 01:40,02:00,Washington Wizards,Charlotte Hornets,1.59,2.51,1.58,2.33,1.60,2.45,1.57,2.40,1.58,2.45,1.60,2.50
2,2020-01-31 01:40,02:30,Atlanta Hawks,Philadelphia 76ers,3.38,1.36,3.19,1.34,3.35,1.37,3.25,1.33,3.05,1.40,,
3,2020-01-31 01:40,03:00,Boston Celtics,Golden State Warriors,1.11,7.65,1.05,8.98,1.09,8.60,1.08,8.50,1.10,8.00,1.09,8.55
4,2020-01-31 01:40,05:30,Los Angeles Clippers,Sacramento Kings,1.10,7.50,1.05,9.14,1.09,8.65,1.09,8.00,1.09,8.50,1.09,8.65
0,2020-02-01 17:08,22:30,Los Angeles Clippers,Minnesota Timberwolves,1.19,5.40,1.17,4.93,1.22,4.80,,,1.20,4.90,,
1,2020-02-01 17:08,02:00,Indiana Pacers,New York Knicks,1.19,5.40,1.14,5.50,1.18,5.35,,,1.18,5.40,1.18,5.35
2,2020-02-01 17:08,02:00,Orlando Magic,Miami Heat,2.14,1.79,2.13,1.70,2.25,1.70,,,2.12,1.76,2.25,1.70
3,2020-02-01 17:08,03:00,Cleveland Cavaliers,Golden State Warriors,1.85,2.06,1.78,2.01,1.83,2.05,,,1.82,2.04,1.84,2.08
4,2020-02-01 17:08,03:00,Washington Wizards,Brooklyn Nets,1.90,2.00,1.85,1.92,1.91,1.97,,,1.89,1.96,,
5,2020-02-01 17:08,03:30,Dallas Mavericks,Atlanta Hawks,1.46,2.93,1.47,2.62,1.50,2.75,,,1.47,2.75,,
6,2020-02-01 17:08,03:30,Boston Celtics,Philadelphia 76ers,1.70,2.28,1.68,2.16,1.68,2.30,,,1.68,2.25,,
7,2020-02-01 17:08,04:00,San Antonio Spurs,Charlotte Hornets,1.28,4.10,1.22,4.20,1.26,4.25,1.24,4.00,1.25,4.20,,
8,2020-02-01 17:08,05:00,Sacramento Kings,Los Angeles Lakers,3.38,1.37,2.71,1.45,3.00,1.44,2.80,1.42,3.00,1.42,,
9,2020-02-01 17:08,05:30,Portland Trail Blazers,Utah Jazz,2.68,1.53,2.75,1.44,2.90,1.46,2.77,1.43,3.00,1.42,,
0,2020-02-01 17:32,22:30,Los Angeles Clippers,Minnesota Timberwolves,1.19,5.40,1.17,4.93,1.22,4.80,,,1.20,4.90,,
1,2020-02-01 17:32,02:00,Indiana Pacers,New York Knicks,1.19,5.40,1.14,5.50,1.18,5.35,,,1.18,5.40,1.18,5.35
2,2020-02-01 17:32,02:00,Orlando Magic,Miami Heat,2.14,1.79,2.13,1.70,2.25,1.71,,,2.12,1.76,2.24,1.72
3,2020-02-01 17:32,03:00,Cleveland Cavaliers,Golden State Warriors,1.85,2.06,1.78,2.01,1.83,2.05,,,1.82,2.04,1.84,2.08
4,2020-02-01 17:32,03:00,Washington Wizards,Brooklyn Nets,1.90,2.00,1.85,1.92,1.90,1.98,,,1.89,1.96,,
5,2020-02-01 17:32,03:30,Dallas Mavericks,Atlanta Hawks,1.46,2.93,1.47,2.62,1.50,2.75,,,1.47,2.75,,
6,2020-02-01 17:32,03:30,Boston Celtics,Philadelphia 76ers,1.70,2.28,1.66,2.18,1.68,2.30,,,1.68,2.25,,
7,2020-02-01 17:32,04:00,San Antonio Spurs,Charlotte Hornets,1.28,4.10,1.22,4.20,1.26,4.25,,,1.25,4.20,,
8,2020-02-01 17:32,05:00,Sacramento Kings,Los Angeles Lakers,3.38,1.37,2.94,1.39,3.15,1.40,,,3.00,1.42,,
9,2020-02-01 17:32,05:30,Portland Trail Blazers,Utah Jazz,2.68,1.53,2.75,1.44,3.05,1.42,,,3.00,1.42,,
0,2020-02-02 01:00,02:00,Indiana Pacers,New York Knicks,1.19,5.40,1.11,6.16,,,1.15,5.60,1.16,5.80,,
1,2020-02-02 01:00,02:00,Orlando Magic,Miami Heat,2.14,1.79,2.07,1.74,,,2.09,1.76,2.05,1.80,,
2,2020-02-02 01:00,03:00,Cleveland Cavaliers,Golden State Warriors,1.85,2.06,1.78,2.00,,,1.83,2.02,1.82,2.04,,
3,2020-02-02 01:00,03:00,Washington Wizards,Brooklyn Nets,2.00,1.85,1.93,1.84,,,1.98,1.86,2.02,1.84,,
4,2020-02-02 01:00,03:30,Dallas Mavericks,Atlanta Hawks,1.53,2.60,1.55,2.42,,,1.55,2.42,1.57,2.48,,
5,2020-02-02 01:00,03:30,Boston Celtics,Philadelphia 76ers,1.85,2.00,1.95,1.82,,,1.98,1.86,1.94,1.90,,
6,2020-02-02 01:00,04:00,San Antonio Spurs,Charlotte Hornets,1.28,4.10,1.21,4.33,,,1.22,4.25,1.23,4.50,,
7,2020-02-02 01:00,05:00,Sacramento Kings,Los Angeles Lakers,3.38,1.37,3.14,1.35,,,3.15,1.35,3.15,1.38,,
8,2020-02-02 01:00,05:30,Portland Trail Blazers,Utah Jazz,2.90,1.45,2.89,1.40,,,2.90,1.40,3.00,1.42,,
0,2020-02-02 01:08,02:00,Indiana Pacers,New York Knicks,1.19,5.40,1.11,6.16,,,1.15,5.60,1.16,5.80,,
1,2020-02-02 01:08,02:00,Orlando Magic,Miami Heat,2.14,1.79,2.07,1.74,,,2.09,1.76,2.05,1.80,,
2,2020-02-02 01:08,03:00,Cleveland Cavaliers,Golden State Warriors,1.85,2.06,1.78,2.00,,,1.83,2.02,1.82,2.04,,
3,2020-02-02 01:08,03:00,Washington Wizards,Brooklyn Nets,2.00,1.85,1.94,1.83,,,1.98,1.86,2.02,1.84,,
4,2020-02-02 01:08,03:30,Dallas Mavericks,Atlanta Hawks,1.53,2.60,1.57,2.37,,,1.55,2.42,1.57,2.48,,
5,2020-02-02 01:08,03:30,Boston Celtics,Philadelphia 76ers,1.85,2.00,1.95,1.82,,,1.98,1.86,1.94,1.90,,
6,2020-02-02 01:08,04:00,San Antonio Spurs,Charlotte Hornets,1.28,4.10,1.21,4.33,,,1.22,4.25,1.23,4.50,,
7,2020-02-02 01:08,05:00,Sacramento Kings,Los Angeles Lakers,3.38,1.37,3.14,1.35,,,3.15,1.35,3.15,1.38,,
8,2020-02-02 01:08,05:30,Portland Trail Blazers,Utah Jazz,2.90,1.45,2.87,1.41,,,2.90,1.40,3.00,1.42,,
0,2020-02-02 12:48,19:30,Detroit Pistons,Denver Nuggets,2.15,1.76,2.08,1.73,,,2.20,1.67,2.14,1.74,,
1,2020-02-02 12:48,21:00,Milwaukee Bucks,Phoenix Suns,1.14,6.75,1.08,7.41,1.14,6.40,1.09,8.00,1.10,8.50,,
2,2020-02-02 12:48,21:00,Houston Rockets,New Orleans Pelicans,1.49,2.81,1.50,2.55,1.50,2.75,1.48,2.60,1.52,2.60,,
3,2020-02-02 12:48,22:00,Toronto Raptors,Chicago Bulls,1.18,5.70,1.13,5.62,1.18,5.40,1.17,5.20,1.16,5.60,,
0,2020-02-02 12:56,19:30,Detroit Pistons,Denver Nuggets,2.15,1.76,2.08,1.73,,,,,2.14,1.74,,
1,2020-02-02 12:56,21:00,Milwaukee Bucks,Phoenix Suns,1.14,6.75,1.08,7.41,1.14,6.40,,,1.10,8.50,,
2,2020-02-02 12:56,21:00,Houston Rockets,New Orleans Pelicans,1.49,2.81,1.48,2.61,1.49,2.80,,,1.52,2.60,,
3,2020-02-02 12:56,22:00,Toronto Raptors,Chicago Bulls,1.18,5.70,1.13,5.62,1.18,5.40,,,1.16,5.60,,
0,2020-02-02 13:24,19:30,Detroit Pistons,Denver Nuggets,2.15,1.76,2.08,1.73,,,,,2.14,1.74,,
1,2020-02-02 13:24,21:00,Milwaukee Bucks,Phoenix Suns,1.14,6.75,1.08,7.33,1.14,6.40,,,1.11,7.50,,
2,2020-02-02 13:24,21:00,Houston Rockets,New Orleans Pelicans,1.49,2.81,1.47,2.64,1.50,2.75,,,1.52,2.60,,
3,2020-02-02 13:24,22:00,Toronto Raptors,Chicago Bulls,1.18,5.70,1.13,5.62,1.18,5.50,,,1.16,5.60,,
0,2020-02-02 13:34,19:30,Detroit Pistons,Denver Nuggets,2.15,1.76,2.08,1.73,,,2.20,1.67,2.14,1.74,,
1,2020-02-02 13:34,21:00,Milwaukee Bucks,Phoenix Suns,1.14,6.75,1.08,7.33,1.14,6.40,1.09,8.00,1.11,7.50,,
2,2020-02-02 13:34,21:00,Houston Rockets,New Orleans Pelicans,1.49,2.81,1.47,2.64,1.50,2.75,1.47,2.65,1.52,2.60,,
3,2020-02-02 13:34,22:00,Toronto Raptors,Chicago Bulls,1.18,5.70,1.13,5.62,1.18,5.50,1.17,5.20,1.16,5.60,,
0,2020-02-02 13:48,19:30,Detroit Pistons,Denver Nuggets,2.15,1.76,2.08,1.73,,,2.20,1.67,2.14,1.74,,
1,2020-02-02 13:48,21:00,Milwaukee Bucks,Phoenix Suns,1.14,6.75,1.08,7.33,1.14,6.40,1.09,8.00,1.11,7.50,,
2,2020-02-02 13:48,21:00,Houston Rockets,New Orleans Pelicans,1.49,2.81,1.47,2.64,1.50,2.75,1.47,2.65,1.52,2.60,,
3,2020-02-02 13:48,22:00,Toronto Raptors,Chicago Bulls,1.18,5.70,1.13,5.62,1.18,5.50,1.17,5.20,1.16,5.60,,
0,2020-02-02 13:56,19:30,Detroit Pistons,Denver Nuggets,2.15,1.76,2.08,1.73,,,,,2.14,1.74,,
1,2020-02-02 13:56,21:00,Milwaukee Bucks,Phoenix Suns,1.14,6.75,1.08,7.33,1.14,6.40,,,1.11,7.50,,
2,2020-02-02 13:56,21:00,Houston Rockets,New Orleans Pelicans,1.49,2.81,1.47,2.64,1.49,2.75,,,1.52,2.60,,
3,2020-02-02 13:56,22:00,Toronto Raptors,Chicago Bulls,1.18,5.70,1.13,5.70,1.18,5.55,,,1.16,5.60,,
0,2020-02-02 14:00,19:30,Detroit Pistons,Denver Nuggets,2.15,1.76,2.08,1.73,,,,,2.14,1.74,,
1,2020-02-02 14:00,21:00,Milwaukee Bucks,Phoenix Suns,1.14,6.75,1.08,7.33,1.14,6.40,1.09,8.00,1.11,7.50,,
2,2020-02-02 14:00,21:00,Houston Rockets,New Orleans Pelicans,1.49,2.81,1.47,2.64,1.49,2.75,1.47,2.65,1.52,2.60,,
3,2020-02-02 14:00,22:00,Toronto Raptors,Chicago Bulls,1.18,5.70,1.13,5.70,1.18,5.55,1.17,5.20,1.16,5.60,,
0,2020-02-02 14:08,19:30,Detroit Pistons,Denver Nuggets,2.15,1.76,2.08,1.73,,,2.20,1.67,2.14,1.74,,
1,2020-02-02 14:08,21:00,Milwaukee Bucks,Phoenix Suns,1.14,6.75,1.08,7.33,1.14,6.40,1.09,8.00,1.11,7.50,,
2,2020-02-02 14:08,21:00,Houston Rockets,New Orleans Pelicans,1.49,2.81,1.47,2.64,1.50,2.75,1.47,2.65,1.52,2.60,,
3,2020-02-02 14:08,22:00,Toronto Raptors,Chicago Bulls,1.18,5.70,1.13,5.70,1.18,5.55,,,1.16,5.60,,
0,2020-02-02 14:16,19:30,Detroit Pistons,Denver Nuggets,2.15,1.76,2.08,1.73,,,2.20,1.67,2.14,1.74,,
1,2020-02-02 14:16,21:00,Milwaukee Bucks,Phoenix Suns,1.14,6.75,1.08,7.33,1.14,6.40,1.09,8.00,1.11,7.50,,
2,2020-02-02 14:16,21:00,Houston Rockets,New Orleans Pelicans,1.49,2.81,1.47,2.64,1.50,2.75,1.47,2.65,1.52,2.60,,
3,2020-02-02 14:16,22:00,Toronto Raptors,Chicago Bulls,1.18,5.70,1.13,5.70,1.18,5.55,1.17,5.20,1.16,5.60,,
0,2020-02-02 14:24,19:30,Detroit Pistons,Denver Nuggets,2.15,1.76,2.08,1.73,,,2.20,1.67,2.14,1.74,,
1,2020-02-02 14:24,21:00,Milwaukee Bucks,Phoenix Suns,1.14,6.75,1.08,7.33,1.14,6.40,1.09,8.00,1.11,7.50,,
2,2020-02-02 14:24,21:00,Houston Rockets,New Orleans Pelicans,1.49,2.81,1.47,2.64,1.50,2.75,1.47,2.65,1.52,2.60,,
3,2020-02-02 14:24,22:00,Toronto Raptors,Chicago Bulls,1.18,5.70,1.13,5.70,1.18,5.55,1.17,5.20,1.16,5.60,,
0,2020-02-02 14:32,19:30,Detroit Pistons,Denver Nuggets,2.15,1.76,2.08,1.73,,,2.20,1.67,2.14,1.74,,
1,2020-02-02 14:32,21:00,Milwaukee Bucks,Phoenix Suns,1.14,6.75,1.08,7.37,1.14,6.40,1.09,8.00,1.11,7.50,,
2,2020-02-02 14:32,21:00,Houston Rockets,New Orleans Pelicans,1.49,2.81,1.47,2.64,1.50,2.75,1.47,2.65,1.52,2.60,,
3,2020-02-02 14:32,22:00,Toronto Raptors,Chicago Bulls,1.18,5.70,1.13,5.70,1.18,5.55,1.17,5.20,1.16,5.60,,
0,2020-02-02 14:40,19:30,Detroit Pistons,Denver Nuggets,2.15,1.76,2.08,1.73,2.15,1.77,,,2.14,1.74,,
1,2020-02-02 14:40,21:00,Milwaukee Bucks,Phoenix Suns,1.14,6.75,1.08,7.37,1.14,6.40,,,1.11,7.50,,
2,2020-02-02 14:40,21:00,Houston Rockets,New Orleans Pelicans,1.49,2.81,1.47,2.64,1.50,2.75,,,1.52,2.60,,
3,2020-02-02 14:40,22:00,Toronto Raptors,Chicago Bulls,1.18,5.70,1.13,5.70,1.18,5.55,,,1.16,5.60,,
0,2020-02-02 14:48,19:30,Detroit Pistons,Denver Nuggets,2.15,1.76,2.08,1.73,2.20,1.72,,,2.14,1.74,,
1,2020-02-02 14:48,21:00,Milwaukee Bucks,Phoenix Suns,1.14,6.75,1.08,7.37,1.14,6.40,,,1.11,7.50,,
2,2020-02-02 14:48,21:00,Houston Rockets,New Orleans Pelicans,1.49,2.81,1.47,2.64,1.50,2.75,,,1.52,2.60,,
3,2020-02-02 14:48,22:00,Toronto Raptors,Chicago Bulls,1.18,5.70,1.13,5.70,1.18,5.55,,,1.16,5.60,,
0,2020-02-02 14:56,19:30,Detroit Pistons,Denver Nuggets,2.15,1.76,2.09,1.72,2.20,1.74,2.13,1.72,2.14,1.74,,
1,2020-02-02 14:56,21:00,Milwaukee Bucks,Phoenix Suns,1.14,6.75,1.08,7.37,1.14,6.40,1.12,6.50,1.11,7.50,,
2,2020-02-02 14:56,21:00,Houston Rockets,New Orleans Pelicans,1.49,2.81,1.47,2.64,1.50,2.75,1.47,2.65,1.52,2.60,,
3,2020-02-02 14:56,22:00,Toronto Raptors,Chicago Bulls,1.18,5.70,1.13,5.70,1.18,5.55,1.17,5.20,1.16,5.60,,
0,2020-02-02 15:00,19:30,Detroit Pistons,Denver Nuggets,2.15,1.76,2.09,1.72,2.20,1.74,,,2.14,1.74,,
1,2020-02-02 15:00,21:00,Milwaukee Bucks,Phoenix Suns,1.14,6.75,1.08,7.37,1.14,6.40,,,1.11,7.50,,
2,2020-02-02 15:00,21:00,Houston Rockets,New Orleans Pelicans,1.49,2.81,1.47,2.64,1.50,2.75,,,1.52,2.60,,
3,2020-02-02 15:00,22:00,Toronto Raptors,Chicago Bulls,1.18,5.70,1.13,5.70,1.18,5.55,,,1.16,5.60,,
0,2020-02-02 15:08,19:30,Detroit Pistons,Denver Nuggets,2.15,1.76,2.09,1.72,2.20,1.74,2.13,1.72,2.14,1.74,,
1,2020-02-02 15:08,21:00,Milwaukee Bucks,Phoenix Suns,1.14,6.75,1.08,7.37,1.14,6.40,,,1.11,7.50,,
2,2020-02-02 15:08,21:00,Houston Rockets,New Orleans Pelicans,1.49,2.81,1.47,2.64,1.50,2.75,,,1.52,2.60,,
3,2020-02-02 15:08,22:00,Toronto Raptors,Chicago Bulls,1.18,5.70,1.13,5.70,1.18,5.55,,,1.16,5.60,,
0,2020-02-02 15:16,19:30,Detroit Pistons,Denver Nuggets,2.15,1.76,2.09,1.72,2.20,1.74,,,2.14,1.74,,
1,2020-02-02 15:16,21:00,Milwaukee Bucks,Phoenix Suns,1.14,6.75,1.08,7.37,1.14,6.40,,,1.11,7.50,,
2,2020-02-02 15:16,21:00,Houston Rockets,New Orleans Pelicans,1.49,2.81,1.47,2.64,1.50,2.75,,,1.52,2.60,,
3,2020-02-02 15:16,22:00,Toronto Raptors,Chicago Bulls,1.18,5.70,1.13,5.70,1.18,5.50,,,1.16,5.60,,
0,2020-02-02 15:24,19:30,Detroit Pistons,Denver Nuggets,2.15,1.76,2.09,1.72,2.20,1.74,2.13,1.72,2.14,1.74,,
1,2020-02-02 15:24,21:00,Houston Rockets,New Orleans Pelicans,1.49,2.81,1.47,2.64,1.50,2.75,1.47,2.65,1.52,2.60,,
2,2020-02-02 15:24,22:00,Toronto Raptors,Chicago Bulls,1.18,5.70,1.13,5.70,1.18,5.50,1.17,5.20,1.16,5.60,,
0,2020-02-02 15:40,19:30,Detroit Pistons,Denver Nuggets,2.15,1.76,2.10,1.71,2.20,1.73,,,2.14,1.74,2.22,1.74
1,2020-02-02 15:40,21:00,Houston Rockets,New Orleans Pelicans,1.49,2.81,1.47,2.64,1.50,2.75,,,1.52,2.60,1.50,2.74
2,2020-02-02 15:40,22:00,Toronto Raptors,Chicago Bulls,1.18,5.70,1.13,5.70,1.18,5.50,,,1.16,5.60,,
0,2020-02-02 15:48,19:30,Detroit Pistons,Denver Nuggets,2.15,1.76,2.10,1.71,2.20,1.73,2.14,1.71,2.14,1.74,2.22,1.74
1,2020-02-02 15:48,21:00,Houston Rockets,New Orleans Pelicans,1.49,2.81,1.47,2.64,1.50,2.75,1.47,2.65,1.52,2.60,1.50,2.77
2,2020-02-02 15:48,22:00,Toronto Raptors,Chicago Bulls,1.18,5.70,1.13,5.70,1.18,5.50,1.17,5.20,1.16,5.60,,
0,2020-02-02 15:56,19:30,Detroit Pistons,Denver Nuggets,2.15,1.76,2.10,1.71,2.20,1.73,2.14,1.71,2.14,1.74,2.22,1.74
1,2020-02-02 15:56,21:00,Houston Rockets,New Orleans Pelicans,1.49,2.81,1.46,2.66,1.50,2.75,,,1.52,2.60,1.50,2.77
2,2020-02-02 15:56,22:00,Toronto Raptors,Chicago Bulls,1.18,5.70,1.13,5.70,1.18,5.50,,,1.16,5.60,,
0,2020-02-02 16:00,19:30,Detroit Pistons,Denver Nuggets,2.15,1.76,2.10,1.71,2.20,1.73,,,2.14,1.74,2.25,1.72
1,2020-02-02 16:00,21:00,Houston Rockets,New Orleans Pelicans,1.49,2.81,1.46,2.66,1.50,2.75,,,1.52,2.60,1.50,2.77
2,2020-02-02 16:00,22:00,Toronto Raptors,Chicago Bulls,1.18,5.70,1.13,5.70,1.18,5.50,,,1.16,5.60,,
0,2020-02-02 16:08,19:30,Detroit Pistons,Denver Nuggets,2.15,1.76,2.10,1.71,2.25,1.71,,,2.14,1.74,2.25,1.72
1,2020-02-02 16:08,21:00,Houston Rockets,New Orleans Pelicans,1.49,2.81,1.46,2.66,1.50,2.75,,,1.52,2.60,1.50,2.77
2,2020-02-02 16:08,22:00,Toronto Raptors,Chicago Bulls,1.18,5.70,1.13,5.70,1.18,5.50,,,1.16,5.60,,
0,2020-02-02 16:16,19:30,Detroit Pistons,Denver Nuggets,2.15,1.76,2.10,1.71,2.25,1.70,,,2.14,1.74,2.25,1.70
1,2020-02-02 16:16,21:00,Houston Rockets,New Orleans Pelicans,1.49,2.81,1.46,2.66,1.50,2.75,,,1.52,2.60,1.50,2.77
2,2020-02-02 16:16,22:00,Toronto Raptors,Chicago Bulls,1.18,5.70,1.13,5.70,1.18,5.50,,,1.16,5.60,,
0,2020-02-02 16:24,19:30,Detroit Pistons,Denver Nuggets,2.15,1.76,2.11,1.70,2.25,1.70,,,2.14,1.74,2.27,1.70
1,2020-02-02 16:24,21:00,Houston Rockets,New Orleans Pelicans,1.49,2.81,1.46,2.66,1.50,2.75,,,1.52,2.60,1.50,2.75
2,2020-02-02 16:24,22:00,Toronto Raptors,Chicago Bulls,1.18,5.70,1.13,5.70,1.18,5.50,,,1.16,5.60,1.17,5.45
0,2020-02-02 16:32,19:30,Detroit Pistons,Denver Nuggets,2.15,1.76,2.13,1.69,2.25,1.70,2.15,1.70,2.14,1.74,2.25,1.70
1,2020-02-02 16:32,21:00,Houston Rockets,New Orleans Pelicans,1.49,2.81,1.46,2.66,1.50,2.75,1.47,2.65,1.52,2.60,1.50,2.75
2,2020-02-02 16:32,22:00,Toronto Raptors,Chicago Bulls,1.18,5.70,1.13,5.70,1.18,5.50,,,1.16,5.60,1.17,5.45
0,2020-02-02 16:40,19:30,Detroit Pistons,Denver Nuggets,2.15,1.76,2.13,1.69,2.25,1.70,,,2.14,1.74,2.25,1.70
1,2020-02-02 16:40,21:00,Houston Rockets,New Orleans Pelicans,1.49,2.81,1.46,2.66,1.50,2.75,,,1.52,2.60,1.50,2.75
2,2020-02-02 16:40,22:00,Toronto Raptors,Chicago Bulls,1.18,5.70,1.13,5.70,1.18,5.50,,,1.16,5.60,1.17,5.45
0,2020-02-02 16:48,19:30,Detroit Pistons,Denver Nuggets,2.15,1.76,2.13,1.69,2.25,1.70,,,2.14,1.74,2.25,1.70
1,2020-02-02 16:48,21:00,Milwaukee Bucks,Phoenix Suns,1.14,6.75,1.12,5.96,1.14,6.40,1.15,5.60,1.14,6.25,,
2,2020-02-02 16:48,21:00,Houston Rockets,New Orleans Pelicans,1.49,2.81,1.46,2.66,1.50,2.75,1.47,2.65,1.52,2.60,1.50,2.75
3,2020-02-02 16:48,22:00,Toronto Raptors,Chicago Bulls,1.18,5.70,1.13,5.70,1.18,5.50,1.17,5.20,1.16,5.60,1.17,5.45
0,2020-02-02 16:56,19:30,Detroit Pistons,Denver Nuggets,2.15,1.76,2.15,1.68,2.25,1.70,2.15,1.70,2.14,1.74,2.27,1.70
1,2020-02-02 16:56,21:00,Milwaukee Bucks,Phoenix Suns,1.14,6.75,1.12,5.96,1.17,5.60,1.16,5.40,1.14,6.25,1.17,5.65
2,2020-02-02 16:56,21:00,Houston Rockets,New Orleans Pelicans,1.49,2.81,1.46,2.66,1.50,2.75,1.47,2.65,1.52,2.60,1.50,2.75
3,2020-02-02 16:56,22:00,Toronto Raptors,Chicago Bulls,1.18,5.70,1.13,5.70,1.18,5.50,1.17,5.20,1.16,5.60,,
0,2020-02-02 17:08,19:30,Detroit Pistons,Denver Nuggets,2.15,1.76,2.16,1.68,2.30,1.69,,,2.14,1.74,2.30,1.70
1,2020-02-02 17:08,21:00,Milwaukee Bucks,Phoenix Suns,1.14,6.75,1.12,6.08,1.17,5.80,,,1.14,6.25,1.16,5.75
2,2020-02-02 17:08,21:00,Houston Rockets,New Orleans Pelicans,1.49,2.81,1.46,2.66,1.50,2.75,,,1.52,2.60,1.50,2.75
3,2020-02-02 17:08,22:00,Toronto Raptors,Chicago Bulls,1.18,5.70,1.13,5.70,1.18,5.50,,,1.16,5.60,1.17,5.45
0,2020-02-02 17:16,19:30,Detroit Pistons,Denver Nuggets,2.15,1.76,2.17,1.67,2.25,1.70,2.15,1.70,2.14,1.74,2.27,1.70
1,2020-02-02 17:16,21:00,Milwaukee Bucks,Phoenix Suns,1.14,6.75,1.11,6.17,1.17,5.80,,,1.13,6.75,1.16,5.75
2,2020-02-02 17:16,21:00,Houston Rockets,New Orleans Pelicans,1.49,2.81,1.46,2.66,1.50,2.75,,,1.48,2.75,1.50,2.75
3,2020-02-02 17:16,22:00,Toronto Raptors,Chicago Bulls,1.18,5.70,1.13,5.70,1.18,5.50,,,1.16,5.60,1.17,5.45
0,2020-02-02 17:24,19:30,Detroit Pistons,Denver Nuggets,2.15,1.76,2.15,1.68,2.20,1.73,2.14,1.71,2.14,1.74,2.22,1.74
1,2020-02-02 17:24,21:00,Milwaukee Bucks,Phoenix Suns,1.14,6.75,1.11,6.17,1.17,5.80,1.16,5.40,1.13,6.75,1.16,5.80
2,2020-02-02 17:24,21:00,Houston Rockets,New Orleans Pelicans,1.49,2.81,1.46,2.66,1.50,2.75,1.47,2.65,1.48,2.75,1.50,2.75
3,2020-02-02 17:24,22:00,Toronto Raptors,Chicago Bulls,1.18,5.70,1.13,5.70,1.18,5.55,,,1.16,5.60,1.17,5.50
0,2020-02-02 17:32,19:30,Detroit Pistons,Denver Nuggets,2.15,1.76,2.12,1.70,2.20,1.74,2.14,1.71,2.14,1.74,2.20,1.75
1,2020-02-02 17:32,21:00,Milwaukee Bucks,Phoenix Suns,1.14,6.75,1.11,6.22,1.16,5.85,1.16,5.40,1.13,6.75,1.16,5.85
2,2020-02-02 17:32,21:00,Houston Rockets,New Orleans Pelicans,1.49,2.81,1.46,2.66,1.50,2.75,,,1.48,2.75,1.50,2.74
3,2020-02-02 17:32,22:00,Toronto Raptors,Chicago Bulls,1.18,5.70,1.13,5.70,1.18,5.55,,,1.16,5.60,1.17,5.50
0,2020-02-02 17:40,19:30,Detroit Pistons,Denver Nuggets,2.15,1.76,2.11,1.71,2.20,1.74,,,2.14,1.74,2.20,1.75
1,2020-02-02 17:40,21:00,Milwaukee Bucks,Phoenix Suns,1.14,6.75,1.11,6.34,1.16,5.90,,,1.13,6.75,1.15,5.85
2,2020-02-02 17:40,21:00,Houston Rockets,New Orleans Pelicans,1.49,2.81,1.46,2.66,1.50,2.75,,,1.48,2.75,1.50,2.73
3,2020-02-02 17:40,22:00,Toronto Raptors,Chicago Bulls,1.18,5.70,1.13,5.75,1.18,5.55,,,1.16,5.60,1.17,5.50
0,2020-02-02 17:48,19:30,Detroit Pistons,Denver Nuggets,2.15,1.76,2.11,1.71,2.20,1.74,,,2.14,1.74,2.20,1.74
1,2020-02-02 17:48,21:00,Milwaukee Bucks,Phoenix Suns,1.14,6.75,1.11,6.34,1.16,5.85,,,1.13,6.75,1.16,5.85
2,2020-02-02 17:48,21:00,Houston Rockets,New Orleans Pelicans,1.49,2.81,1.47,2.63,,,,,1.48,2.75,1.50,2.75
3,2020-02-02 17:48,22:00,Toronto Raptors,Chicago Bulls,1.18,5.70,1.13,5.75,1.18,5.55,,,1.16,5.60,1.17,5.50
0,2020-02-02 17:56,19:30,Detroit Pistons,Denver Nuggets,2.15,1.76,2.11,1.71,2.20,1.74,,,2.14,1.74,2.22,1.74
1,2020-02-02 17:56,21:00,Milwaukee Bucks,Phoenix Suns,1.14,6.75,1.11,6.34,1.16,5.85,,,1.13,6.75,1.16,5.85
2,2020-02-02 17:56,21:00,Houston Rockets,New Orleans Pelicans,1.49,2.81,1.48,2.60,1.50,2.75,,,1.48,2.75,1.50,2.74
3,2020-02-02 17:56,22:00,Toronto Raptors,Chicago Bulls,1.18,5.70,1.13,5.75,1.18,5.55,,,1.16,5.60,1.17,5.50
0,2020-02-02 18:00,19:30,Detroit Pistons,Denver Nuggets,2.15,1.76,2.11,1.71,2.15,1.76,2.11,1.74,2.14,1.74,2.17,1.77
1,2020-02-02 18:00,21:00,Milwaukee Bucks,Phoenix Suns,1.14,6.75,1.11,6.34,1.16,5.85,1.16,5.40,1.13,6.75,1.16,5.85
2,2020-02-02 18:00,21:00,Houston Rockets,New Orleans Pelicans,1.49,2.81,1.48,2.60,1.50,2.75,,,1.48,2.75,1.50,2.74
3,2020-02-02 18:00,22:00,Toronto Raptors,Chicago Bulls,1.18,5.70,1.13,5.75,1.18,5.55,,,1.16,5.60,1.17,5.50
0,2020-02-02 18:16,19:30,Detroit Pistons,Denver Nuggets,2.15,1.76,2.09,1.72,2.15,1.75,,,2.14,1.74,2.18,1.76
1,2020-02-02 18:16,21:00,Milwaukee Bucks,Phoenix Suns,1.14,6.75,1.11,6.39,1.16,5.95,,,1.13,6.75,1.15,5.90
2,2020-02-02 18:16,21:00,Houston Rockets,New Orleans Pelicans,1.49,2.81,1.48,2.60,1.50,2.75,,,1.48,2.75,1.50,2.74
3,2020-02-02 18:16,22:00,Toronto Raptors,Chicago Bulls,1.18,5.70,1.13,5.80,1.17,5.60,,,1.16,5.60,1.17,5.60
0,2020-02-02 18:24,19:30,Detroit Pistons,Denver Nuggets,2.15,1.76,2.09,1.72,2.15,1.77,,,2.14,1.74,2.16,1.78
1,2020-02-02 18:24,21:00,Milwaukee Bucks,Phoenix Suns,1.14,6.75,1.11,6.39,1.16,6.00,,,1.13,6.75,1.16,5.85
2,2020-02-02 18:24,21:00,Houston Rockets,New Orleans Pelicans,1.49,2.81,1.48,2.60,1.50,2.75,,,1.48,2.75,1.50,2.74
3,2020-02-02 18:24,22:00,Toronto Raptors,Chicago Bulls,1.18,5.70,1.13,5.80,1.17,5.60,,,1.16,5.60,1.17,5.60
